Study_Hours,Attendance_Percentage,Previous_Exam_Score,Assignment_Completion,Final_Exam_Score
6.6,51.0,70,55.0,56.0
9.0,55.0,89,42.0,66.6
0.8,62.0,88,54.0,50.2
7.7,60.0,89,61.0,68.6
1.5,74.0,47,62.0,44.9
7.4,84.0,50,99.0,64.0
6.4,73.0,59,85.0,57.6
9.9,64.0,47,64.0,61.1
4.0,63.0,69,84.0,61.1
2.1,96.0,66,50.0,51.9
7.0,64.0,76,93.0,71.6
8.1,75.0,69,44.0,62.7
3.5,91.0,98,65.0,72.1
1.8,97.0,68,87.0,57.6
2.6,58.0,100,71.0,57.1
6.5,100.0,89,78.0,72.3
5.5,85.0,36,83.0,55.5
3.0,,78,47.0,55.7
7.4,96.0,68,72.0,73.1
6.4,90.0,99,78.0,75.1
9.6,83.0,35,78.0,61.7
8.8,69.0,65,43.0,62.4
7.5,54.0,51,48.0,55.9
5.5,88.0,89,53.0,73.0
7.3,75.0,82,68.0,74.8
1.1,51.0,64,77.0,41.1
2.7,52.0,77,44.0,49.3
5.6,96.0,95,55.0,75.7
1.4,77.0,80,67.0,52.9
6.7,91.0,47,43.0,55.8
2.9,62.0,92,48.0,56.5
9.3,78.0,47,43.0,63.2
1.4,98.0,65,50.0,49.4
9.1,60.0,83,40.0,75.0
4.8,77.0,97,49.0,64.0
7.5,53.0,75,43.0,57.5
5.5,53.0,100,45.0,68.9
8.7,75.0,50,100.0,71.3
6.4,76.0,75,99.0,67.3
3.0,58.0,73,69.0,50.8
4.9,86.0,47,44.0,51.3
3.8,54.0,66,63.0,48.9
3.4,91.0,36,82.0,51.5
9.4,58.0,68,47.0,70.1
3.2,63.0,78,53.0,55.8
2.9,,46,80.0,42.6
7.8,90.0,68,50.0,70.3
0.6,54.0,54,74.0,34.5
4.6,52.0,74,63.0,59.7
9.0,63.0,66,82.0,65.5
4.4,89.0,54,99.0,63.4
8.2,76.0,38,51.0,58.4
8.1,97.0,66,57.0,66.7
0.9,80.0,63,52.0,48.4
8.1,64.0,63,41.0,62.8
1.2,99.0,70,62.0,54.5
5.6,51.0,49,96.0,58.2
3.0,56.0,90,62.0,59.7
5.4,74.0,59,56.0,51.3
8.2,93.0,60,63.0,67.6
6.4,92.0,50,86.0,66.3
3.6,94.0,72,75.0,57.5
6.9,61.0,73,,64.1
4.6,87.0,76,69.0,62.8
8.0,100.0,56,82.0,65.7
3.7,98.0,65,83.0,58.8
0.9,80.0,44,69.0,39.7
7.1,81.0,86,55.0,67.6
8.7,56.0,89,54.0,68.8
1.0,65.0,50,69.0,36.6
5.8,70.0,91,79.0,73.3
9.1,78.0,55,87.0,72.8
8.5,67.0,97,80.0,76.8
2.7,71.0,75,97.0,58.6
7.1,95.0,62,44.0,63.1
1.1,76.0,84,97.0,60.5
8.9,86.0,83,70.0,72.9
8.6,76.0,63,71.0,65.5
3.7,93.0,86,86.0,64.2
6.4,51.0,85,77.0,66.7
1.8,79.0,58,43.0,42.3
3.7,74.0,70,88.0,63.3
5.0,97.0,41,100.0,56.3
6.7,98.0,38,100.0,59.2
2.8,80.0,49,76.0,53.0
4.0,88.0,49,89.0,58.1
0.7,69.0,83,65.0,55.6
8.4,65.0,48,84.0,64.8
1.7,86.0,40,62.0,42.0
6.7,50.0,88,92.0,69.5
9.0,79.0,54,67.0,63.1
6.4,84.0,96,69.0,74.3
8.6,55.0,70,96.0,69.5
6.8,71.0,38,71.0,57.1
8.1,71.0,70,96.0,72.4
5.4,62.0,45,55.0,50.8
7.1,91.0,97,68.0,81.3
7.1,69.0,82,70.0,69.9
5.7,72.0,93,57.0,66.4
3.5,97.0,58,52.0,51.0
9.8,83.0,71,46.0,76.1
3.4,95.0,51,57.0,46.8
9.5,90.0,97,46.0,86.0
4.7,61.0,41,56.0,49.6
4.3,54.0,41,49.0,38.5
9.9,57.0,88,78.0,79.1
4.1,78.0,73,95.0,63.4
1.1,97.0,47,100.0,51.6
1.3,65.0,57,,40.0
6.1,68.0,39,54.0,47.3
1.2,64.0,68,90.0,52.4
2.4,57.0,63,81.0,45.2
1.1,100.0,74,78.0,58.8
1.7,94.0,73,84.0,56.3
4.7,88.0,40,96.0,53.8
1.4,93.0,37,88.0,45.9
7.7,80.0,91,98.0,77.4
8.2,55.0,95,62.0,72.6
2.0,76.0,98,58.0,62.2
0.8,55.0,75,56.0,43.3
5.4,50.0,94,66.0,60.5
5.2,78.0,41,53.0,47.0
8.9,81.0,50,41.0,66.7
2.0,85.0,36,75.0,41.6
1.6,57.0,54,71.0,46.5
4.4,80.0,95,55.0,66.1
6.2,97.0,52,95.0,60.1
3.7,100.0,99,57.0,73.1
6.1,92.0,97,95.0,75.5
5.7,84.0,83,69.0,72.7
2.8,74.0,64,94.0,57.6
7.2,74.0,84,82.0,75.6
9.7,58.0,99,77.0,79.8
1.4,79.0,36,86.0,37.5
1.2,100.0,68,61.0,53.7
3.6,93.0,83,60.0,64.3
5.6,89.0,43,55.0,54.7
7.6,77.0,47,88.0,63.5
7.1,51.0,40,60.0,53.2
1.9,83.0,87,76.0,61.6
6.3,74.0,65,71.0,66.4
2.9,66.0,36,97.0,47.3
2.0,78.0,79,77.0,54.5
4.8,69.0,60,64.0,58.1
3.9,68.0,72,41.0,58.1
5.9,93.0,41,98.0,60.4
3.2,64.0,80,54.0,56.3
7.3,92.0,52,80.0,60.8
8.0,52.0,81,86.0,66.7
4.4,62.0,51,90.0,52.5
9.2,60.0,67,98.0,75.0
7.6,71.0,49,69.0,64.1
8.7,96.0,85,94.0,85.7
0.6,84.0,50,69.0,41.3
4.1,90.0,82,46.0,63.6
9.5,70.0,63,81.0,66.6
3.4,76.0,49,48.0,41.6
1.6,65.0,52,64.0,41.6
9.5,76.0,54,96.0,69.8
4.4,67.0,39,84.0,46.8
8.6,56.0,82,74.0,75.8
3.1,57.0,93,45.0,58.5
0.7,100.0,77,55.0,58.4
8.4,85.0,61,77.0,66.6
1.9,88.0,35,57.0,43.8
2.9,61.0,49,82.0,49.8
8.0,87.0,76,41.0,66.3
5.5,97.0,43,70.0,55.8
4.8,64.0,40,86.0,52.1
4.9,51.0,42,70.0,49.5
7.3,78.0,44,97.0,57.3
3.1,90.0,76,64.0,64.1
6.3,56.0,49,94.0,57.7
8.7,77.0,92,96.0,79.2
4.5,56.0,75,67.0,55.1
7.0,80.0,43,45.0,57.8
7.5,58.0,42,77.0,59.9
4.4,92.0,89,95.0,75.6
3.5,56.0,99,53.0,57.4
3.8,85.0,82,47.0,62.9
8.5,99.0,38,78.0,68.6
2.2,94.0,74,,59.1
5.9,75.0,43,49.0,53.4
5.5,74.0,88,69.0,66.2
7.9,86.0,45,96.0,60.4
6.9,67.0,91,82.0,72.3
2.5,82.0,49,62.0,45.6
5.1,92.0,74,42.0,59.0
2.4,,52,88.0,44.4
7.6,61.0,51,64.0,58.1
6.8,72.0,44,65.0,58.8
9.3,70.0,89,76.0,78.0
4.3,70.0,56,91.0,59.6
3.9,77.0,48,55.0,47.5
8.8,97.0,78,54.0,74.2
1.6,82.0,59,97.0,54.3
6.6,59.0,65,46.0,53.8
7.7,91.0,44,51.0,64.0
5.9,87.0,92,83.0,78.6
6.4,90.0,75,49.0,65.6
8.1,87.0,42,62.0,60.6
1.0,68.0,44,81.0,43.8
5.3,79.0,40,68.0,55.3
6.2,82.0,54,43.0,55.7
9.8,55.0,99,81.0,78.4
4.7,83.0,55,63.0,53.6
3.7,88.0,41,90.0,52.7
5.8,74.0,71,56.0,63.4
8.8,71.0,45,77.0,64.0
6.7,92.0,85,48.0,71.8
4.1,100.0,77,92.0,63.7
10.0,83.0,46,81.0,70.5
3.4,63.0,78,100.0,62.8
2.0,68.0,47,72.0,45.6
0.9,71.0,51,78.0,41.3
7.8,60.0,91,42.0,68.6
4.7,68.0,92,54.0,64.4
5.0,62.0,82,83.0,68.3
3.2,74.0,99,73.0,64.9
6.2,66.0,41,81.0,53.1
7.3,83.0,50,58.0,55.7
5.4,77.0,46,100.0,61.2
9.3,76.0,41,65.0,61.9
4.1,51.0,75,99.0,54.8
1.9,52.0,71,98.0,54.6
7.2,78.0,35,97.0,53.9
5.7,96.0,89,47.0,72.8
2.8,90.0,93,44.0,58.0
0.7,82.0,65,85.0,46.1
2.8,76.0,58,82.0,53.3
9.6,84.0,99,90.0,92.3
5.0,90.0,84,63.0,64.7
3.8,96.0,48,89.0,56.2
3.8,71.0,57,93.0,57.3
6.5,58.0,43,85.0,56.7
0.9,62.0,40,60.0,39.2
5.7,66.0,39,88.0,53.5
1.0,91.0,77,57.0,49.2
7.6,74.0,78,51.0,68.0
5.4,55.0,89,45.0,60.9
3.3,56.0,45,60.0,43.9
4.5,94.0,91,62.0,68.3
6.3,77.0,70,80.0,70.4
6.6,73.0,100,91.0,80.0
8.6,93.0,91,42.0,74.0
3.9,86.0,39,78.0,45.9
4.7,54.0,52,73.0,48.5
9.6,51.0,58,71.0,65.1
7.9,95.0,92,53.0,82.7
5.2,57.0,52,94.0,50.0
10.0,93.0,75,82.0,79.3
9.0,60.0,57,90.0,65.4
8.0,65.0,98,41.0,71.9
9.8,58.0,46,44.0,57.4
5.5,99.0,87,92.0,75.5
1.2,79.0,79,48.0,54.8
2.2,58.0,90,72.0,60.8
2.0,60.0,55,60.0,47.2
5.4,68.0,45,56.0,46.8
6.4,89.0,46,72.0,60.1
2.1,89.0,78,93.0,64.6
1.3,91.0,68,81.0,50.6
0.8,90.0,72,81.0,57.9
7.0,69.0,93,44.0,71.7
4.9,71.0,53,60.0,55.9
3.8,75.0,51,88.0,51.3
4.9,67.0,92,55.0,61.0
8.7,76.0,66,95.0,76.6
7.4,62.0,55,71.0,64.6
5.2,55.0,85,72.0,62.4
1.0,68.0,98,78.0,62.5
5.6,56.0,90,48.0,66.8
4.0,75.0,41,76.0,48.8
4.2,78.0,70,92.0,66.2
9.8,75.0,82,90.0,85.3
1.9,88.0,100,65.0,64.0
3.7,80.0,93,49.0,64.3
6.3,60.0,85,79.0,70.1
8.4,84.0,97,85.0,83.4
3.6,57.0,88,77.0,58.5
6.5,88.0,95,56.0,78.7
6.0,96.0,41,77.0,57.5
7.9,74.0,53,92.0,66.8
1.5,51.0,91,60.0,51.6
5.3,89.0,95,95.0,79.0
5.4,85.0,76,82.0,66.6
4.9,84.0,78,74.0,63.6
6.6,94.0,68,79.0,68.5
3.3,69.0,71,85.0,53.8
3.8,100.0,70,58.0,56.3
9.8,72.0,53,58.0,61.3
9.3,91.0,67,87.0,76.1
9.4,94.0,69,48.0,69.2
1.0,83.0,63,80.0,46.7
5.0,93.0,52,40.0,58.4
6.7,80.0,96,81.0,73.5
6.6,99.0,46,81.0,62.9
9.4,61.0,88,96.0,83.0
8.4,100.0,98,51.0,86.3
8.8,50.0,73,76.0,69.3
4.8,91.0,98,96.0,80.0
2.3,57.0,77,50.0,52.0
0.6,71.0,72,76.0,50.5
6.6,75.0,89,72.0,70.0
9.8,80.0,76,99.0,77.8
7.7,71.0,73,77.0,71.4
7.1,53.0,50,69.0,53.3
9.0,95.0,74,84.0,74.5
6.3,64.0,52,70.0,52.3
4.5,85.0,95,88.0,72.1
2.9,98.0,45,73.0,49.7
5.9,53.0,99,52.0,67.7
5.4,57.0,61,85.0,57.8
8.2,79.0,51,72.0,62.8
6.9,69.0,37,,50.0
1.2,77.0,79,84.0,50.6
1.2,80.0,39,58.0,37.5
9.8,91.0,88,63.0,87.1
9.1,74.0,45,83.0,69.2
8.7,57.0,57,74.0,62.4
8.4,98.0,37,59.0,60.8
4.1,64.0,66,69.0,52.8
7.4,57.0,39,91.0,57.2
8.9,65.0,61,44.0,59.3
7.2,53.0,66,87.0,58.7
7.7,99.0,42,48.0,59.9
7.4,70.0,76,55.0,64.5
2.6,69.0,70,43.0,49.9
2.2,93.0,89,75.0,63.0
6.9,100.0,75,84.0,72.8
7.7,80.0,65,94.0,67.2
4.9,53.0,87,66.0,62.2
2.4,91.0,45,99.0,50.2
8.4,53.0,69,64.0,66.6
2.3,98.0,62,70.0,51.3
9.1,63.0,59,87.0,64.1
2.8,88.0,61,65.0,57.0
4.1,84.0,80,59.0,59.3
1.4,96.0,95,88.0,68.4
4.4,86.0,63,87.0,56.7
6.0,76.0,72,49.0,58.5
2.8,85.0,78,56.0,59.8
7.5,79.0,56,86.0,68.1
5.1,84.0,42,73.0,48.2
6.8,98.0,35,66.0,53.2
1.9,63.0,99,69.0,58.3
6.4,80.0,97,41.0,66.3
5.5,67.0,71,41.0,57.3
9.4,61.0,48,98.0,61.8
5.5,72.0,69,90.0,62.3
5.9,94.0,63,59.0,64.4
8.7,98.0,39,45.0,60.1
6.5,94.0,56,45.0,60.1
5.9,56.0,40,54.0,44.2
5.0,52.0,44,83.0,53.0
0.8,70.0,37,53.0,35.0
4.3,54.0,73,50.0,53.9
6.9,84.0,77,64.0,71.6
7.4,82.0,79,43.0,64.3
6.2,89.0,85,89.0,72.1
4.8,64.0,80,75.0,66.4
6.8,55.0,72,91.0,62.5
4.1,100.0,54,87.0,57.7
9.5,78.0,81,88.0,77.2
4.8,85.0,100,66.0,67.7
6.2,100.0,76,95.0,72.2
1.3,85.0,66,76.0,51.4
3.1,67.0,98,49.0,56.6
5.1,54.0,81,56.0,63.5
6.4,79.0,48,48.0,52.7
6.4,71.0,91,61.0,69.2
6.1,69.0,76,78.0,69.9
9.7,70.0,72,87.0,77.3
2.8,74.0,70,92.0,59.6
2.4,84.0,58,83.0,54.8
9.5,63.0,91,91.0,78.6
8.1,76.0,98,48.0,77.8
7.3,100.0,83,44.0,72.3
5.6,94.0,88,74.0,67.6
8.2,88.0,45,46.0,62.8
6.6,52.0,86,88.0,66.8
1.4,64.0,100,87.0,61.1
4.7,75.0,94,89.0,72.0
10.0,80.0,48,58.0,65.3
9.4,59.0,79,59.0,70.1
3.8,56.0,91,86.0,64.9
8.2,57.0,37,94.0,55.9
9.3,97.0,66,73.0,72.1
9.6,64.0,86,80.0,74.9
0.8,89.0,60,68.0,48.3
2.5,98.0,43,76.0,44.8
3.6,79.0,49,56.0,49.9
3.5,74.0,85,77.0,58.3
2.1,93.0,73,98.0,61.1
1.6,69.0,49,51.0,38.9
6.2,86.0,84,67.0,67.1
6.6,61.0,56,71.0,55.5
6.4,72.0,36,71.0,48.4
5.3,81.0,87,83.0,69.7
2.1,86.0,38,90.0,48.1
5.6,60.0,93,76.0,70.6
1.6,57.0,69,89.0,50.0
7.7,98.0,91,74.0,77.1
6.7,65.0,73,95.0,72.4
8.3,78.0,50,89.0,68.6
7.0,95.0,89,50.0,75.0
8.2,86.0,79,74.0,72.8
7.2,68.0,69,100.0,72.1
1.4,98.0,87,98.0,59.4
7.2,58.0,66,49.0,61.7
6.9,81.0,53,76.0,62.9
1.2,100.0,46,65.0,45.4
4.0,81.0,76,77.0,56.6
7.4,79.0,80,94.0,69.9
4.6,63.0,98,57.0,63.6
1.7,81.0,78,97.0,60.1
7.9,79.0,37,47.0,59.2
9.9,77.0,60,84.0,76.8
8.8,67.0,46,81.0,61.1
6.7,53.0,85,80.0,65.7
6.7,95.0,47,40.0,54.2
5.4,78.0,36,40.0,48.5
4.5,58.0,96,44.0,59.2
1.5,73.0,73,48.0,47.5
6.6,93.0,53,,59.4
4.7,96.0,62,80.0,64.2
4.7,63.0,46,97.0,48.2
4.1,77.0,75,90.0,58.8
5.8,88.0,71,89.0,72.0
8.8,63.0,100,52.0,79.7
9.0,65.0,98,64.0,75.0
5.5,50.0,81,99.0,62.8
4.5,84.0,57,88.0,57.9
6.1,50.0,68,53.0,51.6
5.3,90.0,99,89.0,75.5
5.6,89.0,54,57.0,53.3
9.8,59.0,76,65.0,73.3
6.6,69.0,90,86.0,77.3
9.3,57.0,93,79.0,79.4
7.5,57.0,36,85.0,50.4
3.8,83.0,68,50.0,54.1
7.5,57.0,38,61.0,55.0
7.3,86.0,44,71.0,59.4
5.9,73.0,55,56.0,58.4
1.6,97.0,100,40.0,57.2
5.0,74.0,54,51.0,56.7
9.2,97.0,88,54.0,78.7
3.1,54.0,82,47.0,52.8
8.1,52.0,86,44.0,71.2
3.5,55.0,93,40.0,55.7
7.5,65.0,94,63.0,74.1
2.4,84.0,66,49.0,45.9
3.8,94.0,36,100.0,50.5
7.5,69.0,48,53.0,56.9
1.1,59.0,70,45.0,39.0
4.4,73.0,93,87.0,64.3
8.3,54.0,42,67.0,57.3
8.6,75.0,76,60.0,70.9
1.8,99.0,48,49.0,41.6
1.6,72.0,61,68.0,45.0
2.0,93.0,73,92.0,61.0
8.6,59.0,46,85.0,58.5
6.9,66.0,57,41.0,60.6
5.7,56.0,94,46.0,67.5
8.4,64.0,51,52.0,62.4
6.6,87.0,68,98.0,72.8
9.1,78.0,51,45.0,66.8
0.9,79.0,41,50.0,41.3
5.2,74.0,89,51.0,63.7
4.7,59.0,39,79.0,48.1
4.4,85.0,96,43.0,62.3
6.6,83.0,66,80.0,71.1
4.1,95.0,80,70.0,65.4
5.3,74.0,69,51.0,53.7
8.2,67.0,42,91.0,65.6
10.0,60.0,47,55.0,63.4
9.2,53.0,63,76.0,69.9
8.5,61.0,57,55.0,62.3
9.2,51.0,80,100.0,75.6
8.4,81.0,74,51.0,70.0
2.6,83.0,96,40.0,58.9
3.7,61.0,76,43.0,48.3
7.9,83.0,81,44.0,69.4
1.5,69.0,76,48.0,53.7
6.6,81.0,75,51.0,67.5
6.3,72.0,63,82.0,63.4
7.0,58.0,57,86.0,55.3
8.6,99.0,39,51.0,62.7
2.6,86.0,48,99.0,51.4
3.8,70.0,56,80.0,56.3
6.6,71.0,92,40.0,65.9
2.9,56.0,35,43.0,34.5
8.9,81.0,83,62.0,76.5
8.7,91.0,63,50.0,68.3
0.7,66.0,48,44.0,34.3
1.2,55.0,78,78.0,54.8
4.6,91.0,56,78.0,62.1
2.5,62.0,87,84.0,59.2
6.8,69.0,65,46.0,55.2
2.0,73.0,35,67.0,34.9
5.1,56.0,38,53.0,40.7
8.5,69.0,85,70.0,74.3
5.7,61.0,82,96.0,66.0
4.7,66.0,63,93.0,55.9
6.8,55.0,79,91.0,67.9
5.8,74.0,88,74.0,71.1
2.7,69.0,45,65.0,47.6
9.1,86.0,53,47.0,69.6
2.1,63.0,59,48.0,39.1
2.4,90.0,53,93.0,53.6
8.2,55.0,84,75.0,70.2
4.9,50.0,88,47.0,58.3
7.7,56.0,48,76.0,60.4
8.9,76.0,68,64.0,71.6
2.1,75.0,53,79.0,48.5
9.0,71.0,65,43.0,68.3
0.7,100.0,73,59.0,50.4
1.4,64.0,52,59.0,45.5
3.1,76.0,46,52.0,44.1
5.1,83.0,82,92.0,64.5
7.2,75.0,52,89.0,66.1
2.3,62.0,42,55.0,34.2
2.4,73.0,94,72.0,60.4
2.8,81.0,92,51.0,65.3
3.8,66.0,46,58.0,40.9
7.9,63.0,63,81.0,62.5
5.4,99.0,36,70.0,58.1
0.6,66.0,74,85.0,54.3
4.1,72.0,93,56.0,60.9
6.4,87.0,48,40.0,55.3
4.1,91.0,71,59.0,61.6
3.1,70.0,70,56.0,54.1
2.3,83.0,65,97.0,51.3
4.3,70.0,52,86.0,48.4
9.1,75.0,84,87.0,74.2
2.3,96.0,63,83.0,56.1
6.9,82.0,73,94.0,67.6
3.3,80.0,51,87.0,49.5
2.2,93.0,77,81.0,55.5
3.4,100.0,77,63.0,59.6
5.0,90.0,44,70.0,57.9
4.1,69.0,87,43.0,63.2
3.8,86.0,93,49.0,62.7
5.1,90.0,57,,59.0
7.7,60.0,55,71.0,63.0
4.6,77.0,86,67.0,69.5
2.4,73.0,36,97.0,42.3
6.9,90.0,66,54.0,67.0
4.1,87.0,74,50.0,54.7
4.8,83.0,78,67.0,67.6
9.1,72.0,59,50.0,69.6
2.7,96.0,51,53.0,51.4
4.0,91.0,39,64.0,52.7
1.0,53.0,48,81.0,42.2
4.7,57.0,67,70.0,57.3
0.6,76.0,47,82.0,41.9
4.5,56.0,100,86.0,69.2
5.2,88.0,60,89.0,59.7
7.2,68.0,55,42.0,57.2
5.1,65.0,35,40.0,44.7
6.9,59.0,46,89.0,56.8
2.9,64.0,93,58.0,56.8
8.8,68.0,81,91.0,77.9
8.6,52.0,36,94.0,53.7
9.0,89.0,69,96.0,79.2
1.6,75.0,93,57.0,60.7
4.5,60.0,49,48.0,48.3
2.0,76.0,96,91.0,64.5
7.9,89.0,38,95.0,64.7
1.7,81.0,49,96.0,47.1
3.5,95.0,63,82.0,62.5
6.4,77.0,66,70.0,61.7
8.5,85.0,41,40.0,59.7
8.6,60.0,44,88.0,60.8
1.0,64.0,83,65.0,54.3
5.9,55.0,98,68.0,67.0
0.7,75.0,87,,51.5
6.2,89.0,73,96.0,70.5
9.5,73.0,41,92.0,62.4
6.4,80.0,81,85.0,70.4
0.5,72.0,72,75.0,48.8
2.1,58.0,87,46.0,49.8
8.6,63.0,93,92.0,81.8
4.4,90.0,50,89.0,60.6
5.3,81.0,35,73.0,52.8
6.1,82.0,57,84.0,62.7
4.2,88.0,76,72.0,66.7
7.1,65.0,70,65.0,68.5
1.8,76.0,100,59.0,64.2
7.5,85.0,62,52.0,61.3
9.3,58.0,57,72.0,65.5
7.7,85.0,96,77.0,80.4
7.6,84.0,71,96.0,76.2
0.7,59.0,41,82.0,32.3
9.8,93.0,67,49.0,76.9
7.7,52.0,80,92.0,69.5
5.8,64.0,84,55.0,63.9
7.1,53.0,83,64.0,65.3
9.7,53.0,36,87.0,57.3
8.8,64.0,82,88.0,76.3
7.4,62.0,72,68.0,62.0
2.2,82.0,50,64.0,41.5
2.0,66.0,35,61.0,36.7
9.3,88.0,41,89.0,71.2
5.2,86.0,80,44.0,66.2
2.2,54.0,99,50.0,55.7
2.6,63.0,77,61.0,51.5
5.5,85.0,36,47.0,50.6
6.3,89.0,66,42.0,63.6
9.5,74.0,67,74.0,74.5
7.8,82.0,100,68.0,79.6
3.5,55.0,47,50.0,46.9
6.5,63.0,62,95.0,64.5
8.4,97.0,90,81.0,85.4
0.7,95.0,77,42.0,46.9
5.8,86.0,64,98.0,63.5
4.6,51.0,84,,57.6
1.1,97.0,40,84.0,48.1
3.3,93.0,73,78.0,56.8
4.3,92.0,38,70.0,46.9
8.1,84.0,72,80.0,69.0
8.1,96.0,82,100.0,75.8
0.9,86.0,85,74.0,57.1
7.5,96.0,79,53.0,71.4
2.0,64.0,67,52.0,43.0
1.0,98.0,94,81.0,63.6
1.4,96.0,97,100.0,65.5
1.5,89.0,43,97.0,43.8
6.8,94.0,54,76.0,64.6
2.1,70.0,66,90.0,49.6
8.5,58.0,77,96.0,72.5
5.1,56.0,57,81.0,55.1
1.8,84.0,60,56.0,50.2
9.0,82.0,38,92.0,65.1
9.1,85.0,68,74.0,77.4
1.9,75.0,63,97.0,55.2
4.9,82.0,46,65.0,51.0
9.7,89.0,56,88.0,73.5
9.5,92.0,53,87.0,74.5
7.7,64.0,43,56.0,53.5
9.1,73.0,84,70.0,80.6
6.7,56.0,70,93.0,66.9
4.1,74.0,81,77.0,63.9
4.1,64.0,86,62.0,63.7
8.9,50.0,99,96.0,76.5
6.6,63.0,54,51.0,51.4
6.8,76.0,77,86.0,66.1
6.1,91.0,87,41.0,66.3
1.8,82.0,40,97.0,46.2
2.2,75.0,37,96.0,46.3
1.3,78.0,95,95.0,62.1
1.9,87.0,58,79.0,52.4
3.8,79.0,43,54.0,45.2
5.5,82.0,88,92.0,68.5
6.3,52.0,99,88.0,68.4
6.2,50.0,90,73.0,65.8
4.6,80.0,83,62.0,64.7
7.1,56.0,89,48.0,64.4
1.3,88.0,87,56.0,53.5
6.0,57.0,35,64.0,48.5
3.9,59.0,89,81.0,63.3
5.9,89.0,70,83.0,66.0
5.8,61.0,82,75.0,65.5
3.8,95.0,85,87.0,64.3
2.7,100.0,55,46.0,47.5
5.7,94.0,41,50.0,52.1
8.3,80.0,90,45.0,70.2
0.9,74.0,86,79.0,57.0
1.0,99.0,57,80.0,50.1
9.3,83.0,71,52.0,67.4
2.7,60.0,39,,37.0
10.0,99.0,86,62.0,85.1
0.6,95.0,43,98.0,41.5
9.2,72.0,79,92.0,75.2
9.3,86.0,35,56.0,57.2
5.3,71.0,49,91.0,55.8
8.0,66.0,91,64.0,74.4
9.6,79.0,93,97.0,86.2
1.1,90.0,63,83.0,53.3
3.9,84.0,36,84.0,52.0
6.9,71.0,44,75.0,60.8
9.0,67.0,58,100.0,72.0
7.5,65.0,65,95.0,64.5
8.4,72.0,54,89.0,62.1
6.8,89.0,35,88.0,61.4
4.0,70.0,98,97.0,74.6
5.2,98.0,100,57.0,73.0
5.5,77.0,96,100.0,75.3
7.0,61.0,93,47.0,70.8
0.6,63.0,83,77.0,47.3
2.3,66.0,65,57.0,47.6
5.2,63.0,88,84.0,69.3
4.8,86.0,51,76.0,57.8
8.1,85.0,90,94.0,79.6
1.9,50.0,57,66.0,42.2
5.4,96.0,75,90.0,69.3
1.0,56.0,55,43.0,34.4
1.4,97.0,77,56.0,53.7
2.9,51.0,87,47.0,51.9
6.0,91.0,57,89.0,61.7
7.9,78.0,45,64.0,60.7
8.7,90.0,78,66.0,77.1
1.2,60.0,78,54.0,46.1
6.3,75.0,69,96.0,66.3
6.1,78.0,87,50.0,64.4
6.8,97.0,45,53.0,55.3
8.8,85.0,41,41.0,61.9
1.5,89.0,54,45.0,46.1
2.9,68.0,91,80.0,58.1
0.8,72.0,76,95.0,53.0
3.1,78.0,52,100.0,54.9
6.5,90.0,90,73.0,76.1
5.1,64.0,46,68.0,48.1
0.6,83.0,52,62.0,40.1
5.2,98.0,96,59.0,68.0
2.7,50.0,82,52.0,50.6
2.1,97.0,84,93.0,62.7
2.8,98.0,69,58.0,58.1
2.3,54.0,58,48.0,40.1
3.1,89.0,97,52.0,63.1
0.7,,71,57.0,40.0
1.4,50.0,98,53.0,52.0
10.0,79.0,39,61.0,59.0
3.0,75.0,44,74.0,45.9
8.3,50.0,50,89.0,62.6
2.8,52.0,60,69.0,48.8
2.5,74.0,74,99.0,56.3
9.4,83.0,50,56.0,65.3
1.0,92.0,62,47.0,44.1
8.0,87.0,50,,66.3
7.9,80.0,54,63.0,65.7
7.0,71.0,42,43.0,50.8
1.5,81.0,64,60.0,53.2
8.2,78.0,59,41.0,64.5
9.0,81.0,91,75.0,78.6
2.3,72.0,76,86.0,56.0
8.7,60.0,43,73.0,55.5
4.0,50.0,99,64.0,64.9
4.0,89.0,65,60.0,59.4
4.2,83.0,98,89.0,72.2
6.6,57.0,47,73.0,55.5
2.2,52.0,60,46.0,41.9
8.4,92.0,97,73.0,84.0
2.6,95.0,44,40.0,48.9
9.0,55.0,94,91.0,80.3
9.0,73.0,42,92.0,65.2
8.4,54.0,62,73.0,59.7
2.3,83.0,66,76.0,54.9
4.4,56.0,80,83.0,59.9
2.1,61.0,86,72.0,54.0
4.7,72.0,75,75.0,66.3
7.8,77.0,76,78.0,69.1
5.7,97.0,67,63.0,69.0
7.4,,37,73.0,51.0
9.9,63.0,75,41.0,72.9
9.2,82.0,54,46.0,60.3
4.0,87.0,66,54.0,54.0
5.9,63.0,44,86.0,51.8
9.0,94.0,47,78.0,69.4
4.1,99.0,42,98.0,58.5
4.5,57.0,64,87.0,57.2
7.9,74.0,41,59.0,57.1
3.6,94.0,63,49.0,50.4
4.7,88.0,99,45.0,66.3
1.8,55.0,95,76.0,59.8
4.3,77.0,51,88.0,50.7
6.7,62.0,66,55.0,55.3
9.3,55.0,49,82.0,62.1
3.8,91.0,38,89.0,49.0
9.9,78.0,53,68.0,63.9
4.1,98.0,45,47.0,52.9
1.9,68.0,36,61.0,39.4
0.7,63.0,62,53.0,41.8
6.4,59.0,37,64.0,50.0
2.1,68.0,60,90.0,51.9
9.5,54.0,84,82.0,73.3
8.7,51.0,72,95.0,74.0
5.3,95.0,47,97.0,58.2
2.3,82.0,93,75.0,67.0
5.5,71.0,97,65.0,72.4
3.9,69.0,65,72.0,52.5
4.2,51.0,70,54.0,48.4
1.3,74.0,64,66.0,44.7
9.1,71.0,92,74.0,75.7
7.0,62.0,52,59.0,57.9
4.6,99.0,53,81.0,63.3
5.8,96.0,50,51.0,55.3
7.8,76.0,87,59.0,72.5
9.4,67.0,54,89.0,64.8
9.9,89.0,69,78.0,77.9
7.0,72.0,45,84.0,61.2
5.0,91.0,82,51.0,68.7
2.3,52.0,87,88.0,61.5
2.6,92.0,60,88.0,52.4
4.7,89.0,97,84.0,71.5
4.3,52.0,83,86.0,58.9
6.1,83.0,39,73.0,50.5
8.8,65.0,85,87.0,71.9
9.6,62.0,72,68.0,70.4
4.9,77.0,72,79.0,66.5
4.9,91.0,92,45.0,69.9
9.4,94.0,52,65.0,68.4
6.1,95.0,60,96.0,66.2
9.1,100.0,55,85.0,75.3
6.5,55.0,84,86.0,70.7
4.1,74.0,40,89.0,46.2
8.7,60.0,53,51.0,62.5
7.4,78.0,71,80.0,66.0
0.5,98.0,67,40.0,46.9
0.6,81.0,65,53.0,46.3
1.3,88.0,35,55.0,42.2
8.3,63.0,41,51.0,51.5
8.6,92.0,73,61.0,77.7
2.2,93.0,71,79.0,58.8
5.8,79.0,81,99.0,66.0
9.0,54.0,89,93.0,77.7
7.1,67.0,77,73.0,66.8
1.1,86.0,46,70.0,45.3
7.2,77.0,75,56.0,67.2
1.7,86.0,98,73.0,65.6
8.9,64.0,72,52.0,62.9
1.6,63.0,88,66.0,50.0
2.5,90.0,60,84.0,52.1
5.3,70.0,35,47.0,47.2
6.4,51.0,57,52.0,51.6
9.2,52.0,52,70.0,58.3
9.0,79.0,87,99.0,84.2
7.4,70.0,37,53.0,53.4
8.1,54.0,54,57.0,61.5
5.6,60.0,84,51.0,63.0
7.2,70.0,39,57.0,52.4
4.8,69.0,62,73.0,54.3
7.9,55.0,91,72.0,67.8
2.3,80.0,74,89.0,55.7
9.8,83.0,51,53.0,68.8
5.5,50.0,74,99.0,57.6
3.7,52.0,48,73.0,47.9
7.7,90.0,61,60.0,63.3
7.8,92.0,50,57.0,59.2
6.4,82.0,48,53.0,56.3
9.5,68.0,66,50.0,63.7
4.7,58.0,38,70.0,49.3
1.3,75.0,57,85.0,48.3
7.1,89.0,80,59.0,69.3
8.2,55.0,94,76.0,71.2
4.9,79.0,74,83.0,65.2
9.5,59.0,68,98.0,71.4
3.6,70.0,93,71.0,59.1
4.9,60.0,71,89.0,58.5
4.4,95.0,48,60.0,54.0
4.9,87.0,87,55.0,67.6
4.1,71.0,61,92.0,58.6
5.9,71.0,65,51.0,59.8
6.0,81.0,49,77.0,58.7
4.7,69.0,86,44.0,61.9
8.3,70.0,98,81.0,81.5
8.9,98.0,35,88.0,61.8
4.2,86.0,92,52.0,62.7
8.0,93.0,73,98.0,80.9
3.8,55.0,36,79.0,47.5
3.3,73.0,41,40.0,43.6
8.7,51.0,65,67.0,66.4
4.1,74.0,90,74.0,62.3
5.8,73.0,88,49.0,63.9
0.6,91.0,37,49.0,39.1
9.9,55.0,52,81.0,68.6
7.1,77.0,58,69.0,62.4
3.9,61.0,89,78.0,57.5
7.3,67.0,87,99.0,75.3
5.9,95.0,82,47.0,68.8
7.4,83.0,70,69.0,68.6
2.8,90.0,44,83.0,50.7
1.0,71.0,36,70.0,36.1
3.6,72.0,72,58.0,51.9
3.4,100.0,68,43.0,57.8
6.7,68.0,38,58.0,51.1
7.9,66.0,51,79.0,59.1
1.6,61.0,54,82.0,43.7
7.2,81.0,58,91.0,66.2
9.7,88.0,54,93.0,73.0
2.8,78.0,56,53.0,48.6
3.0,57.0,41,50.0,38.7
9.5,84.0,64,64.0,73.6
5.5,77.0,36,58.0,53.1
9.6,93.0,40,46.0,67.3
4.6,91.0,69,61.0,58.4
6.0,79.0,65,86.0,65.8
6.9,61.0,75,,60.7
4.4,83.0,48,83.0,53.5
2.3,51.0,46,43.0,41.3
9.5,90.0,50,85.0,75.1
4.1,98.0,58,97.0,57.2
6.8,54.0,93,99.0,78.1
6.8,99.0,76,56.0,66.8
4.1,71.0,42,56.0,50.2
5.2,62.0,85,51.0,63.0
4.6,89.0,48,98.0,56.9
1.2,96.0,67,89.0,54.2
6.6,52.0,84,57.0,60.6
0.5,95.0,97,70.0,60.2
8.0,84.0,63,40.0,63.2
1.7,84.0,80,61.0,57.0
9.6,55.0,81,74.0,77.5
7.7,68.0,60,51.0,61.5
3.3,74.0,48,80.0,50.8
4.7,62.0,52,42.0,44.5
5.1,54.0,74,71.0,58.8
10.0,52.0,78,43.0,68.2
2.5,91.0,93,100.0,69.7
6.0,54.0,39,87.0,47.0
9.2,52.0,66,84.0,69.8
9.1,100.0,47,69.0,69.3
8.3,57.0,98,78.0,80.2
4.5,97.0,86,60.0,63.6
3.6,100.0,62,88.0,55.8
3.1,98.0,88,50.0,65.1
9.3,52.0,52,46.0,62.0
2.0,81.0,45,40.0,35.8
6.1,68.0,88,84.0,73.3
2.5,90.0,69,73.0,55.6
7.1,88.0,58,85.0,66.2
7.9,72.0,88,40.0,71.3
9.8,89.0,81,95.0,85.8
7.8,92.0,61,57.0,62.1
8.5,80.0,98,51.0,75.2
4.0,63.0,90,56.0,59.1
0.9,97.0,41,99.0,46.6
5.4,54.0,65,86.0,57.4
7.6,70.0,64,89.0,63.1
4.4,62.0,83,97.0,61.4
9.0,59.0,62,99.0,70.5
4.8,62.0,80,57.0,56.5
1.1,58.0,49,94.0,41.6
2.6,68.0,55,90.0,52.5
6.0,85.0,64,45.0,59.0
2.6,80.0,94,57.0,56.6
2.9,77.0,63,97.0,59.9
9.0,76.0,40,42.0,62.8
4.5,75.0,96,91.0,73.6
2.8,85.0,36,84.0,48.1
3.3,91.0,46,41.0,46.4
8.7,97.0,38,69.0,63.0
2.3,73.0,94,85.0,64.0
9.0,71.0,39,58.0,57.8
5.7,100.0,61,90.0,68.0
9.4,82.0,81,96.0,76.5
0.9,73.0,57,81.0,45.9
2.4,71.0,65,74.0,47.3
6.0,94.0,61,88.0,68.1
3.0,93.0,89,57.0,58.7
5.3,57.0,95,85.0,68.9
4.8,73.0,43,52.0,51.8
9.0,68.0,44,46.0,55.0
1.9,63.0,37,58.0,35.7
5.0,76.0,91,87.0,71.4
8.8,64.0,77,66.0,71.8
5.1,92.0,91,69.0,69.0
2.1,66.0,64,70.0,47.3
1.9,68.0,93,50.0,57.3
2.2,61.0,54,50.0,39.4
1.7,66.0,82,51.0,48.5
9.8,59.0,82,68.0,75.3
9.2,75.0,98,89.0,80.7
0.5,97.0,99,61.0,62.3
9.7,98.0,53,91.0,74.9
7.0,96.0,96,97.0,77.5
0.7,89.0,63,68.0,46.8
2.4,83.0,63,90.0,58.9
5.6,78.0,46,72.0,53.4
5.4,53.0,81,65.0,57.3
4.0,68.0,79,62.0,56.6
2.5,78.0,88,91.0,62.2
9.0,96.0,88,48.0,82.4
3.4,83.0,77,44.0,61.0
0.6,90.0,69,66.0,46.7
9.2,62.0,58,93.0,67.2
8.3,87.0,73,71.0,73.6
0.5,66.0,73,80.0,51.8
9.0,76.0,57,71.0,71.4
7.8,81.0,43,78.0,63.3
8.7,90.0,95,84.0,87.1
0.7,66.0,55,77.0,37.9
1.8,60.0,41,57.0,35.6
1.0,68.0,44,72.0,36.0
6.2,60.0,76,95.0,64.3
3.1,94.0,81,46.0,59.8
1.8,68.0,82,89.0,56.5
1.5,59.0,99,54.0,59.3
7.1,83.0,49,66.0,59.5
9.3,80.0,79,59.0,77.1
9.9,83.0,78,51.0,78.2
2.6,94.0,53,84.0,50.1
1.2,94.0,49,44.0,37.9
2.4,52.0,100,77.0,55.9
1.1,92.0,36,88.0,38.8
6.1,62.0,58,82.0,56.9
9.4,87.0,79,62.0,73.7
2.8,86.0,43,46.0,47.1
7.3,68.0,56,,66.5
9.3,82.0,95,63.0,83.6
1.5,72.0,83,67.0,51.4
9.9,57.0,94,47.0,76.7
3.2,96.0,40,45.0,43.9
6.2,69.0,91,54.0,68.6
2.3,54.0,95,100.0,63.2
5.2,56.0,85,68.0,62.8
4.3,94.0,48,87.0,60.5
9.8,71.0,60,78.0,74.0
4.5,81.0,70,88.0,64.4
8.0,91.0,86,62.0,76.1
5.1,67.0,53,89.0,55.1
2.7,58.0,38,46.0,39.2
0.8,61.0,83,78.0,53.4
1.4,54.0,98,90.0,58.4
5.3,84.0,78,91.0,71.8
0.8,77.0,50,64.0,40.8
0.8,61.0,73,96.0,52.4
7.3,81.0,49,76.0,63.0
5.9,80.0,55,72.0,54.4
4.1,93.0,80,89.0,71.7
0.9,73.0,79,91.0,56.7
3.7,56.0,89,62.0,63.9
2.8,65.0,74,77.0,50.5
1.6,60.0,37,74.0,35.4
5.9,76.0,69,41.0,61.2
4.1,74.0,76,76.0,56.5
2.5,81.0,99,91.0,69.8
4.0,77.0,60,71.0,55.9
8.6,63.0,71,56.0,62.5
2.6,97.0,46,85.0,54.5
1.1,83.0,95,67.0,56.4
3.4,69.0,90,82.0,63.7
6.4,79.0,58,96.0,59.1
6.0,63.0,94,57.0,72.3
7.8,77.0,42,73.0,56.2
7.6,98.0,73,94.0,75.1
1.1,63.0,87,57.0,54.9
6.2,75.0,65,47.0,55.7
3.5,81.0,90,67.0,65.4
1.8,66.0,70,82.0,51.8
7.4,100.0,37,43.0,60.4
8.7,76.0,81,82.0,77.8
7.4,58.0,65,47.0,60.3
6.8,87.0,67,71.0,70.5
8.2,71.0,84,91.0,78.5
1.9,61.0,62,57.0,44.2
5.2,73.0,49,60.0,52.5
3.1,100.0,53,63.0,52.5
6.6,88.0,39,93.0,61.5
9.2,92.0,65,56.0,72.3
3.9,93.0,50,74.0,57.7
9.1,75.0,67,59.0,65.4
2.5,60.0,91,80.0,57.4
8.0,67.0,45,92.0,64.0
9.3,71.0,89,96.0,85.7
3.0,54.0,80,66.0,55.1
4.8,51.0,41,81.0,48.1
1.8,75.0,60,80.0,47.2
2.9,95.0,51,94.0,55.3
4.8,97.0,52,56.0,52.6
3.2,55.0,88,63.0,54.0
8.9,64.0,37,100.0,56.6
2.7,55.0,94,52.0,54.2
6.4,88.0,68,49.0,59.3
1.6,95.0,90,89.0,68.0
1.6,95.0,61,52.0,53.6
7.6,74.0,51,67.0,64.1
3.2,93.0,59,66.0,51.1
9.8,65.0,92,98.0,80.6
1.3,80.0,52,95.0,45.9
7.3,95.0,89,87.0,80.1
1.0,65.0,95,98.0,58.1
8.1,95.0,40,40.0,56.1
4.2,73.0,51,97.0,55.0
5.3,71.0,94,48.0,62.2
3.0,70.0,40,48.0,40.8
3.9,77.0,71,97.0,65.0
3.0,70.0,90,97.0,60.8
9.5,85.0,91,43.0,75.8
5.0,60.0,94,67.0,61.9
4.7,95.0,97,69.0,72.4
1.7,55.0,61,95.0,45.3
8.3,86.0,62,,74.6
2.2,54.0,66,89.0,49.6
3.2,93.0,50,65.0,49.7
3.6,51.0,45,69.0,46.6
9.6,88.0,35,61.0,67.0
3.6,96.0,51,53.0,55.2
8.1,97.0,44,75.0,69.1
2.2,99.0,86,45.0,54.7
4.3,91.0,54,47.0,50.9
9.3,93.0,51,62.0,69.7
5.2,74.0,95,57.0,68.6
8.2,89.0,58,67.0,68.6
9.7,93.0,63,81.0,77.5
6.5,83.0,45,58.0,55.5
3.4,58.0,73,93.0,54.2
5.7,52.0,100,46.0,65.9
7.3,66.0,80,56.0,67.9
7.5,79.0,57,90.0,62.8
8.8,69.0,75,77.0,74.8
8.2,71.0,58,53.0,59.3
8.8,56.0,90,74.0,70.3
6.7,79.0,86,95.0,76.1
3.4,89.0,81,84.0,65.7
3.4,58.0,52,40.0,39.9
2.3,51.0,61,70.0,46.9
6.4,100.0,59,45.0,60.0
0.7,60.0,54,87.0,44.1
8.7,87.0,66,52.0,67.3
3.7,56.0,90,66.0,63.3
5.8,68.0,39,71.0,49.6
9.4,81.0,64,85.0,69.1
5.8,67.0,88,96.0,70.4
3.8,94.0,90,41.0,60.6
4.7,82.0,63,77.0,63.3
8.5,92.0,94,48.0,82.9
4.5,93.0,81,90.0,68.2
2.5,94.0,46,82.0,49.7
5.2,100.0,88,100.0,80.3
0.9,51.0,80,96.0,48.8
8.7,82.0,39,91.0,59.3
1.6,64.0,97,56.0,61.6
7.8,85.0,69,97.0,69.4
6.9,95.0,41,99.0,67.1
7.7,56.0,48,92.0,60.1
1.6,63.0,81,50.0,52.5
5.2,56.0,54,81.0,51.9
2.4,76.0,35,55.0,42.6
2.1,67.0,82,85.0,59.4
1.9,98.0,88,90.0,61.8
4.4,,81,100.0,62.2
8.2,54.0,45,61.0,53.9
1.1,98.0,39,82.0,48.4
9.8,95.0,72,66.0,76.7
3.4,97.0,75,98.0,63.4
6.3,59.0,86,68.0,68.0
6.4,78.0,79,96.0,74.2
8.9,55.0,39,74.0,55.7
1.7,84.0,71,53.0,47.0
7.7,60.0,37,41.0,54.1
8.4,69.0,89,72.0,71.8
6.5,72.0,50,43.0,56.4
5.9,50.0,93,61.0,70.2
5.9,90.0,64,62.0,60.6
5.9,58.0,83,73.0,67.1
2.3,99.0,81,69.0,56.9
1.3,53.0,89,96.0,52.2
6.9,75.0,85,95.0,71.6
4.7,81.0,88,92.0,66.2
4.8,95.0,100,95.0,77.2
0.8,60.0,82,98.0,58.0
1.6,86.0,72,42.0,50.4
4.1,68.0,97,41.0,65.5
1.0,,71,53.0,43.3
5.7,54.0,40,66.0,47.4
3.7,74.0,95,93.0,70.3
5.3,79.0,92,82.0,70.6
8.1,92.0,87,64.0,74.7
9.6,78.0,70,81.0,71.0
6.5,99.0,74,75.0,72.4
9.6,84.0,41,76.0,65.7
0.7,92.0,58,41.0,41.5
8.5,87.0,91,45.0,79.8
0.9,51.0,78,67.0,43.8
4.1,55.0,49,46.0,44.5
7.8,59.0,74,100.0,69.4
3.6,51.0,42,59.0,39.9
3.6,74.0,50,43.0,43.1
5.2,98.0,99,64.0,79.0
5.8,54.0,96,41.0,63.6
3.1,87.0,47,55.0,50.0
5.9,78.0,45,94.0,58.9
4.0,60.0,66,74.0,58.5
0.9,79.0,72,,56.4
5.1,88.0,67,93.0,66.5
2.5,82.0,71,42.0,48.3
1.4,94.0,50,93.0,45.9
4.6,89.0,99,91.0,72.7
3.0,98.0,92,57.0,62.5
4.9,88.0,77,41.0,65.6
6.3,50.0,36,83.0,45.9
5.1,75.0,45,90.0,58.1
9.0,92.0,91,83.0,79.8
6.2,,57,93.0,64.5
4.9,62.0,91,40.0,58.7
9.3,72.0,59,45.0,68.2
2.6,81.0,81,42.0,53.1
2.5,62.0,85,47.0,57.2
5.7,92.0,57,44.0,58.6
9.4,64.0,70,52.0,72.1
6.9,89.0,67,83.0,69.4
6.6,91.0,41,94.0,64.9
3.1,93.0,94,71.0,65.5
2.6,67.0,88,,58.5
1.3,86.0,38,87.0,40.1
9.2,62.0,56,61.0,61.9
5.1,51.0,77,93.0,59.1
3.7,53.0,77,73.0,58.6
6.4,98.0,47,80.0,61.1
9.2,74.0,75,96.0,80.3
9.2,78.0,42,59.0,62.7
1.0,53.0,72,94.0,47.6
2.7,88.0,36,69.0,43.1
6.4,71.0,38,69.0,52.5
0.6,95.0,43,77.0,46.0
6.6,66.0,80,66.0,66.1
1.8,52.0,42,48.0,33.0
7.7,69.0,53,49.0,58.1
9.7,83.0,53,43.0,63.2
1.0,72.0,60,52.0,44.4
2.3,80.0,94,78.0,65.0
3.7,69.0,88,61.0,57.5
0.9,64.0,35,80.0,33.1
2.8,97.0,77,91.0,65.6
9.9,73.0,36,44.0,57.3
4.7,90.0,81,42.0,67.5
2.6,66.0,57,61.0,49.9
2.2,66.0,47,41.0,42.7
8.9,71.0,61,59.0,65.7
2.1,83.0,90,96.0,65.9
1.7,62.0,59,74.0,44.2
9.8,65.0,40,88.0,64.9
8.0,70.0,66,43.0,64.6
5.3,87.0,97,53.0,73.1
6.3,60.0,100,64.0,73.6
5.2,79.0,57,60.0,58.1
9.6,80.0,69,77.0,73.7
0.8,64.0,60,68.0,46.6
8.9,86.0,55,99.0,75.0
7.6,68.0,91,73.0,72.6
6.4,77.0,92,69.0,71.6
3.1,51.0,57,68.0,43.3
1.3,82.0,100,74.0,63.7
1.4,54.0,81,42.0,47.5
2.9,97.0,70,52.0,58.4
7.6,97.0,68,40.0,70.0
10.0,75.0,36,70.0,64.0
8.7,64.0,64,86.0,71.1
8.0,98.0,94,86.0,86.4
8.5,77.0,88,53.0,74.2
1.8,58.0,74,100.0,55.8
3.9,64.0,88,67.0,63.1
5.6,70.0,37,76.0,53.2
9.6,71.0,85,64.0,74.1
2.3,56.0,77,76.0,57.2
2.1,93.0,57,42.0,50.9
2.4,74.0,71,53.0,48.6
1.0,83.0,36,50.0,34.6
9.9,58.0,88,70.0,79.8
2.5,63.0,74,67.0,55.5
6.0,69.0,60,72.0,61.0
9.9,78.0,43,92.0,66.8
9.1,81.0,93,69.0,81.7
8.9,79.0,79,84.0,80.3
8.3,61.0,88,55.0,68.4
4.2,92.0,58,84.0,59.4
2.8,60.0,70,96.0,55.9
7.1,96.0,62,98.0,70.6
10.0,54.0,48,72.0,65.8
2.9,82.0,40,69.0,40.4
4.9,71.0,86,94.0,64.8
7.2,58.0,76,82.0,69.5
5.7,65.0,91,48.0,65.0
8.5,88.0,47,51.0,60.2
1.2,98.0,36,83.0,41.3
7.3,93.0,62,68.0,69.0
6.6,95.0,48,64.0,62.0
1.0,74.0,60,99.0,46.5
0.7,51.0,36,61.0,34.3
9.6,56.0,56,86.0,63.6
3.6,85.0,59,79.0,52.6
1.6,63.0,48,62.0,38.3
0.6,63.0,93,54.0,47.7
4.0,54.0,62,66.0,48.6
1.5,84.0,56,56.0,50.2
7.1,93.0,52,61.0,58.9
9.8,92.0,96,44.0,81.2
4.1,90.0,64,72.0,59.6
6.4,57.0,74,55.0,63.1
1.1,73.0,98,58.0,54.5
2.8,96.0,91,87.0,71.2
8.0,52.0,88,81.0,75.4
7.5,71.0,66,53.0,63.6
2.9,93.0,63,78.0,60.0
6.5,54.0,97,44.0,71.7
9.4,58.0,46,51.0,59.9
2.7,55.0,89,86.0,58.6
4.5,88.0,66,59.0,56.5
3.1,100.0,96,45.0,70.2
5.0,77.0,99,79.0,74.3
8.0,51.0,83,67.0,72.2
6.2,59.0,57,56.0,53.5
5.8,80.0,44,61.0,49.7
2.3,50.0,99,86.0,62.7
9.4,97.0,82,64.0,80.1
4.4,52.0,50,64.0,51.2
9.6,99.0,79,72.0,83.1
1.0,74.0,89,87.0,55.2
3.9,95.0,38,84.0,53.1
9.5,59.0,67,55.0,68.3
0.6,99.0,46,81.0,47.4
9.8,55.0,59,96.0,68.7
3.4,84.0,83,77.0,61.0
7.4,55.0,48,80.0,57.7
3.1,63.0,85,84.0,57.9
0.5,54.0,88,73.0,49.8
2.2,61.0,52,52.0,41.4
5.9,63.0,58,52.0,50.0
3.0,76.0,91,80.0,67.7
1.3,55.0,83,47.0,46.0
5.0,,47,40.0,47.6
6.0,52.0,47,,49.2
9.9,98.0,69,99.0,81.2
3.7,93.0,78,60.0,64.8
4.1,53.0,80,95.0,58.7
7.1,96.0,52,41.0,61.3
7.1,65.0,82,68.0,69.6
4.4,62.0,35,80.0,49.9
3.9,52.0,76,83.0,56.3
6.3,55.0,79,67.0,67.6
6.8,94.0,47,86.0,61.6
8.8,86.0,99,42.0,76.1
6.9,85.0,94,50.0,77.5
5.6,65.0,62,50.0,57.6
4.6,95.0,38,50.0,53.6
3.2,96.0,67,82.0,59.3
1.8,84.0,97,45.0,62.5
6.0,88.0,43,81.0,55.8
7.4,91.0,90,91.0,76.9
1.6,71.0,59,87.0,52.8
3.5,74.0,35,59.0,38.1
9.8,70.0,81,91.0,81.1
6.2,64.0,48,65.0,48.6
8.3,68.0,63,71.0,67.8
7.6,94.0,39,78.0,59.4
3.1,95.0,96,80.0,72.3
4.1,71.0,54,92.0,56.4
2.6,97.0,41,99.0,54.6
4.2,92.0,55,41.0,53.0
9.9,98.0,85,65.0,78.6
9.3,94.0,85,46.0,74.5
8.1,95.0,73,69.0,75.2
5.1,59.0,61,53.0,55.7
3.9,86.0,48,83.0,56.0
9.8,93.0,56,99.0,71.2
9.5,57.0,100,81.0,80.0
7.4,65.0,39,47.0,49.1
9.6,91.0,83,89.0,84.9
7.9,91.0,83,57.0,75.7
1.6,57.0,97,81.0,60.1
5.9,86.0,96,57.0,74.4
4.1,91.0,90,59.0,67.2
9.1,100.0,58,65.0,74.7
5.6,83.0,97,44.0,70.0
8.0,57.0,61,82.0,67.8
2.2,85.0,92,91.0,62.7
6.7,55.0,67,94.0,65.9
3.3,84.0,56,67.0,56.8
0.9,83.0,72,82.0,52.8
3.5,72.0,100,53.0,66.0
0.8,59.0,73,94.0,53.0
2.6,72.0,70,48.0,52.8
3.0,91.0,55,65.0,51.4
9.4,59.0,61,44.0,64.9
6.6,95.0,82,76.0,75.0
4.5,59.0,75,90.0,59.6
1.2,57.0,49,83.0,41.2
3.9,,69,49.0,57.4
4.1,64.0,83,100.0,60.1
7.4,69.0,97,46.0,72.9
5.7,88.0,47,97.0,55.4
2.2,97.0,86,70.0,63.0
7.3,92.0,51,49.0,59.5
7.4,73.0,66,83.0,68.0
9.9,79.0,99,58.0,81.3
8.9,64.0,74,80.0,75.5
3.5,55.0,45,44.0,43.0
1.0,97.0,71,75.0,58.4
9.5,93.0,100,99.0,92.5
10.0,84.0,50,65.0,63.6
0.6,77.0,79,55.0,54.7
10.0,83.0,40,78.0,65.8
7.8,64.0,57,44.0,57.3
1.0,81.0,83,50.0,51.2
2.9,84.0,50,58.0,45.7
7.5,86.0,85,53.0,76.8
5.4,52.0,94,97.0,70.2
6.3,71.0,73,62.0,59.5
4.3,50.0,47,67.0,45.5
2.0,57.0,97,40.0,51.2
4.3,69.0,81,67.0,64.8
9.9,,91,50.0,78.5
8.9,95.0,60,47.0,65.6
7.6,52.0,55,82.0,56.7
3.0,76.0,97,75.0,65.0
7.6,99.0,86,72.0,80.1
1.7,56.0,37,48.0,30.1
2.7,93.0,78,67.0,64.4
3.2,81.0,45,88.0,49.1
2.3,67.0,49,95.0,44.7
4.6,80.0,48,84.0,56.5
8.6,90.0,54,54.0,61.9
2.3,59.0,89,41.0,54.3
4.4,69.0,64,54.0,52.0
6.6,69.0,49,57.0,53.5
2.8,53.0,58,42.0,37.7
3.2,67.0,47,67.0,42.4
3.4,56.0,36,83.0,42.7
7.5,73.0,82,55.0,70.9
8.9,58.0,50,42.0,58.8
2.3,95.0,92,99.0,63.6
3.4,80.0,60,74.0,56.0
5.7,66.0,79,97.0,65.8
4.6,80.0,88,73.0,71.2
6.2,94.0,51,58.0,54.5
7.1,97.0,85,71.0,77.5
2.1,98.0,100,64.0,66.8
2.5,50.0,55,76.0,41.5
8.0,79.0,99,85.0,83.7
3.3,67.0,50,50.0,42.0
6.6,67.0,52,57.0,59.3
9.9,63.0,49,40.0,62.5
3.6,95.0,68,86.0,57.6
9.9,90.0,36,92.0,66.1
2.9,51.0,48,86.0,46.9
8.8,90.0,61,92.0,72.7
6.5,98.0,85,49.0,70.9
1.9,80.0,46,71.0,41.2
2.3,81.0,58,81.0,48.9
8.3,93.0,59,44.0,62.3
6.6,75.0,47,86.0,59.0
6.2,74.0,84,41.0,61.1
9.4,58.0,66,89.0,66.4
0.6,50.0,48,74.0,38.7
2.4,80.0,91,92.0,60.6
1.0,94.0,69,80.0,53.9
5.7,56.0,100,96.0,75.9
0.7,77.0,84,49.0,49.6
7.0,93.0,49,71.0,58.7
9.6,72.0,44,79.0,63.1
1.3,52.0,54,51.0,37.3
4.5,92.0,73,79.0,67.4
9.2,92.0,82,99.0,80.6
8.0,59.0,53,60.0,55.2
9.8,54.0,49,76.0,62.7
3.6,58.0,58,89.0,50.4
7.1,76.0,77,48.0,69.3
4.5,81.0,98,74.0,70.7
7.3,83.0,63,84.0,63.4
8.6,73.0,95,48.0,80.4
8.6,99.0,52,58.0,66.7
9.3,76.0,66,53.0,72.5
9.6,95.0,53,64.0,72.5
1.0,56.0,44,70.0,40.1
4.0,55.0,66,44.0,44.6
7.8,80.0,52,87.0,65.2
7.4,78.0,36,58.0,50.4
6.2,61.0,99,50.0,64.1
8.8,85.0,68,98.0,76.2
9.3,67.0,46,73.0,61.7
4.3,53.0,63,65.0,48.3
8.5,94.0,94,70.0,80.2
2.1,73.0,89,52.0,54.1
7.9,71.0,38,55.0,52.6
6.2,98.0,74,52.0,67.7
3.1,86.0,40,76.0,52.1
1.4,69.0,36,62.0,38.9
3.5,75.0,80,48.0,59.1
7.5,56.0,99,91.0,79.4
5.0,52.0,72,50.0,51.1
1.4,95.0,64,96.0,52.1
7.3,82.0,78,68.0,73.5
8.6,77.0,40,97.0,65.7
10.0,88.0,44,49.0,65.8
0.6,99.0,74,75.0,58.1
5.2,79.0,75,50.0,65.4
4.0,55.0,44,51.0,44.7
9.8,98.0,91,81.0,90.9
5.1,73.0,71,65.0,59.2
4.7,82.0,75,63.0,57.6
8.8,93.0,40,79.0,69.6
7.1,85.0,36,49.0,57.2
4.3,54.0,63,64.0,55.2
5.0,84.0,94,46.0,63.4
9.3,99.0,90,52.0,80.6
6.2,63.0,95,47.0,65.4
5.0,90.0,62,60.0,59.8
1.1,73.0,90,70.0,53.3
7.7,77.0,69,56.0,67.6
4.3,69.0,92,95.0,67.3
2.2,53.0,46,97.0,47.5
2.1,72.0,88,70.0,57.8
7.1,72.0,84,92.0,68.4
1.2,92.0,53,60.0,47.3
8.3,96.0,75,40.0,68.1
8.7,57.0,87,,72.0
8.4,58.0,92,80.0,80.5
9.8,76.0,56,78.0,68.9
9.7,86.0,36,63.0,65.9
5.3,57.0,98,81.0,74.1
8.4,77.0,77,47.0,74.2
5.8,60.0,90,64.0,64.1
6.5,94.0,47,45.0,60.0
6.4,76.0,48,71.0,59.4
6.5,82.0,39,82.0,54.3
4.8,74.0,49,52.0,53.7
8.0,79.0,87,98.0,82.0
0.6,73.0,63,72.0,43.3
8.5,100.0,88,83.0,80.0
0.6,59.0,82,93.0,55.3
3.7,86.0,90,55.0,64.5
4.2,53.0,89,48.0,62.6
4.3,70.0,55,67.0,49.2
1.6,86.0,85,93.0,63.5
2.0,70.0,61,45.0,40.9
6.1,51.0,45,76.0,50.0
4.8,90.0,80,51.0,61.2
5.6,65.0,83,89.0,64.7
1.9,51.0,48,47.0,36.5
3.2,61.0,46,44.0,41.3
4.2,81.0,37,66.0,42.9
7.0,74.0,75,80.0,72.9
0.6,61.0,39,47.0,36.7
6.3,84.0,35,50.0,51.2
6.3,84.0,37,73.0,54.6
1.6,63.0,38,60.0,32.7
1.7,67.0,96,52.0,61.2
3.3,97.0,98,67.0,69.2
2.1,93.0,70,65.0,50.9
2.1,63.0,97,67.0,63.0
8.3,89.0,48,78.0,64.3
9.0,54.0,92,50.0,77.0
4.4,88.0,80,65.0,59.3
8.0,72.0,66,44.0,60.9
3.5,50.0,75,84.0,50.2
8.1,64.0,43,64.0,54.8
5.8,95.0,44,76.0,61.8
3.5,70.0,60,52.0,45.1
3.1,57.0,50,68.0,41.3
6.0,,37,81.0,54.5
4.9,58.0,86,42.0,63.3
6.6,54.0,95,46.0,70.3
3.5,72.0,86,45.0,58.8
4.2,94.0,93,71.0,73.2
4.1,89.0,48,41.0,46.5
9.9,94.0,90,54.0,79.3
4.0,84.0,35,99.0,52.3
0.9,53.0,73,44.0,40.5
4.1,94.0,56,99.0,56.3
8.7,98.0,87,80.0,81.5
6.0,92.0,97,57.0,72.4
3.0,68.0,45,62.0,44.4
7.5,63.0,44,44.0,57.7
2.6,74.0,59,71.0,45.8
5.5,70.0,74,85.0,63.6
9.2,64.0,81,64.0,78.1
7.9,62.0,43,57.0,54.4
6.0,56.0,53,69.0,57.5
9.0,61.0,69,41.0,65.0
1.6,85.0,45,62.0,42.3
5.3,53.0,91,57.0,61.8
9.3,62.0,72,52.0,67.7
5.2,77.0,48,83.0,50.7
1.6,52.0,69,55.0,40.2
6.4,95.0,86,65.0,71.8
7.1,81.0,61,50.0,64.7
6.2,96.0,35,46.0,49.3
7.5,94.0,65,50.0,64.8
9.0,59.0,36,82.0,58.0
3.0,54.0,56,,50.3
5.0,50.0,97,95.0,65.8
5.9,68.0,64,73.0,60.0
1.4,97.0,77,68.0,56.4
6.8,66.0,81,69.0,62.7
9.0,99.0,96,47.0,80.0
1.9,76.0,63,82.0,55.8
6.0,94.0,90,63.0,69.8
4.1,56.0,70,96.0,58.8
9.9,83.0,57,56.0,73.4
6.1,67.0,74,52.0,56.7
6.3,77.0,93,76.0,77.9
9.7,81.0,53,69.0,70.4
5.8,60.0,73,71.0,59.0
0.9,68.0,50,,37.3
8.4,53.0,67,48.0,60.8
6.8,99.0,54,45.0,63.3
4.6,55.0,72,54.0,49.8
6.9,74.0,89,65.0,76.3
3.4,69.0,57,76.0,50.4
1.8,99.0,60,56.0,46.9
1.3,86.0,94,74.0,57.7
1.4,83.0,91,84.0,58.9
4.9,77.0,94,66.0,73.0
0.8,99.0,88,45.0,58.8
2.8,82.0,82,48.0,58.3
1.0,75.0,51,65.0,43.7
5.4,53.0,45,43.0,43.3
6.1,68.0,96,84.0,71.3
6.9,97.0,41,84.0,58.3
5.2,64.0,54,59.0,53.3
8.2,89.0,60,47.0,61.3
5.4,65.0,61,46.0,53.4
1.0,57.0,73,65.0,46.2
8.6,66.0,91,94.0,80.7
0.7,59.0,65,50.0,41.4
5.1,68.0,47,77.0,52.1
7.1,56.0,94,66.0,73.9
1.6,74.0,36,77.0,37.7
6.4,52.0,80,48.0,60.7
9.8,72.0,99,94.0,89.9
5.5,82.0,43,51.0,52.9
3.7,95.0,52,57.0,55.3
1.1,91.0,96,64.0,65.4
7.2,82.0,68,48.0,66.5
6.1,75.0,43,42.0,46.0
6.8,81.0,95,60.0,76.7
7.5,65.0,48,97.0,64.9
9.7,54.0,42,79.0,58.6
4.7,73.0,38,99.0,48.2
1.8,90.0,60,52.0,46.0
2.4,60.0,90,92.0,60.3
0.7,,47,53.0,36.7
7.9,86.0,44,61.0,57.2
6.6,81.0,59,93.0,61.9
3.9,85.0,52,91.0,51.0
1.2,55.0,51,90.0,42.1
1.0,84.0,77,41.0,47.0
2.9,95.0,80,44.0,62.2
5.6,65.0,99,59.0,68.1
1.6,80.0,68,81.0,47.7
3.7,98.0,42,48.0,45.5
7.7,53.0,65,71.0,58.1
7.2,98.0,39,62.0,63.7
6.3,55.0,96,100.0,69.4
5.2,64.0,79,67.0,61.5
2.7,53.0,38,89.0,43.9
4.1,93.0,37,75.0,50.0
1.7,94.0,89,75.0,58.2
9.8,73.0,80,52.0,73.3
1.4,50.0,64,66.0,45.7
5.9,50.0,66,92.0,55.2
3.2,70.0,79,78.0,60.1
6.3,80.0,50,82.0,55.1
5.2,97.0,80,97.0,75.8
9.4,99.0,72,95.0,82.3
7.1,82.0,48,43.0,55.1
5.1,55.0,61,98.0,53.7
7.5,63.0,50,63.0,59.6
2.7,78.0,93,100.0,62.3
3.1,74.0,73,92.0,63.2
4.1,51.0,83,64.0,56.8
6.8,84.0,41,82.0,56.4
0.7,88.0,78,99.0,60.3
2.6,51.0,78,86.0,57.4
7.4,97.0,42,91.0,59.9
6.9,84.0,94,67.0,76.1
2.0,74.0,94,87.0,67.2
3.2,93.0,70,45.0,60.6
5.9,52.0,70,63.0,55.6
7.8,50.0,50,59.0,56.1
2.2,79.0,37,68.0,36.6
6.6,85.0,62,66.0,59.0
6.3,70.0,43,68.0,50.2
8.8,58.0,64,80.0,63.8
2.7,91.0,39,51.0,45.6
0.9,95.0,64,43.0,51.7
0.7,72.0,40,78.0,35.6
1.6,54.0,65,53.0,41.6
4.5,91.0,89,96.0,69.5
3.9,76.0,82,70.0,66.1
4.0,68.0,54,98.0,55.0
3.5,95.0,100,90.0,73.5
8.4,52.0,54,64.0,62.1
9.6,64.0,99,76.0,83.5
1.7,83.0,41,78.0,43.1
3.1,86.0,72,98.0,58.6
3.9,79.0,75,87.0,66.6
9.6,76.0,81,45.0,72.8
6.7,88.0,64,68.0,68.0
9.9,84.0,66,89.0,80.7
6.3,100.0,71,61.0,65.9
9.8,86.0,98,80.0,90.6
4.8,60.0,50,66.0,47.3
7.6,58.0,39,93.0,55.8
1.8,83.0,84,97.0,60.2
2.8,68.0,50,61.0,48.9
6.4,96.0,40,44.0,56.9
4.4,78.0,90,58.0,67.4
7.4,87.0,100,,73.3
6.9,79.0,83,60.0,69.2
9.5,56.0,64,59.0,66.1
5.5,82.0,89,58.0,66.5
1.9,97.0,61,67.0,52.4
1.4,68.0,56,47.0,39.3
2.1,66.0,48,99.0,43.8
5.7,82.0,56,41.0,56.2
5.6,62.0,35,71.0,50.9
9.4,86.0,89,86.0,82.7
9.2,95.0,50,68.0,72.4
1.8,67.0,49,62.0,44.7
1.2,60.0,99,61.0,53.9
7.9,95.0,75,97.0,81.4
8.0,70.0,59,93.0,67.4
9.5,90.0,36,55.0,58.4
6.9,66.0,95,49.0,70.2
1.8,90.0,46,100.0,49.5
4.6,81.0,61,85.0,55.8
4.1,87.0,65,80.0,58.0
8.8,64.0,72,82.0,71.1
3.9,80.0,72,46.0,53.2
7.8,76.0,92,60.0,72.4
9.6,92.0,49,62.0,70.0
5.1,81.0,87,83.0,66.6
9.0,100.0,87,43.0,79.4
4.4,78.0,89,65.0,62.9
2.6,90.0,40,59.0,44.0
5.6,99.0,49,100.0,67.3
5.6,96.0,37,91.0,55.6
3.9,99.0,43,81.0,49.0
9.9,84.0,85,95.0,86.2
4.1,76.0,62,75.0,58.2
0.7,83.0,48,72.0,41.3
3.4,64.0,66,42.0,46.9
6.7,58.0,69,95.0,60.6
7.7,76.0,37,40.0,55.4
1.4,87.0,85,52.0,58.9
4.5,97.0,37,59.0,47.8
6.7,80.0,83,58.0,68.5
3.1,68.0,99,55.0,61.0
9.5,98.0,48,68.0,66.4
2.7,73.0,96,76.0,59.5
6.5,55.0,47,75.0,50.2
2.9,59.0,86,79.0,61.7
7.7,53.0,98,56.0,71.2
0.8,94.0,87,95.0,56.1
8.0,84.0,98,60.0,83.6
5.1,85.0,45,98.0,53.1
7.7,60.0,50,50.0,52.8
8.9,81.0,56,80.0,71.7
5.7,75.0,36,58.0,45.2
8.9,67.0,76,79.0,77.0
3.3,93.0,61,91.0,59.4
2.9,79.0,61,99.0,53.9
9.3,60.0,95,40.0,73.1
9.9,50.0,74,84.0,69.6
3.6,53.0,94,78.0,58.4
2.6,90.0,36,99.0,44.9
4.5,96.0,74,63.0,64.6
5.6,92.0,60,44.0,59.4
2.2,86.0,48,48.0,47.2
3.6,99.0,70,91.0,65.7
2.5,50.0,64,53.0,40.7
2.1,50.0,76,44.0,50.7
4.7,92.0,95,60.0,68.2
4.2,99.0,84,85.0,68.9
5.5,88.0,62,50.0,63.4
8.5,85.0,91,71.0,81.4
9.0,91.0,79,51.0,70.6
6.9,96.0,89,53.0,75.3
2.3,73.0,57,99.0,53.9
5.5,50.0,74,61.0,53.6
9.3,88.0,69,42.0,72.5
10.0,95.0,67,57.0,76.6
8.7,80.0,93,71.0,76.6
5.7,56.0,39,63.0,42.5
7.5,58.0,45,66.0,58.5
7.3,70.0,47,94.0,61.2
6.3,51.0,77,93.0,66.6
2.1,87.0,81,73.0,53.8
6.8,53.0,43,52.0,53.1
1.3,78.0,40,57.0,39.6
6.5,50.0,74,57.0,60.5
8.4,55.0,94,45.0,67.9
2.3,87.0,37,89.0,42.4
4.9,96.0,66,59.0,64.6
2.3,98.0,51,59.0,44.5
1.8,70.0,87,54.0,57.9
9.8,66.0,91,56.0,73.8
7.8,83.0,92,93.0,81.5
8.4,74.0,54,74.0,65.3
6.6,93.0,71,53.0,64.9
7.6,67.0,46,72.0,60.8
0.8,57.0,58,70.0,37.6
4.1,87.0,39,60.0,50.0
0.6,76.0,95,61.0,54.3
3.9,60.0,94,74.0,60.4
4.8,86.0,90,86.0,69.7
4.0,71.0,96,83.0,66.6
2.7,82.0,48,66.0,46.3
6.1,60.0,100,50.0,73.1
9.5,62.0,52,48.0,63.4
1.4,100.0,53,91.0,49.9
6.8,62.0,57,59.0,55.3
4.6,96.0,66,49.0,61.0
5.0,72.0,47,70.0,52.3
5.0,74.0,94,85.0,67.8
3.5,58.0,86,89.0,59.3
8.8,88.0,85,74.0,74.8
6.1,64.0,57,89.0,56.6
0.5,88.0,85,98.0,54.5
0.9,69.0,90,45.0,50.2
3.2,74.0,96,42.0,58.5
4.3,83.0,48,69.0,55.1
6.7,75.0,36,50.0,49.1
4.8,81.0,86,67.0,68.9
6.5,88.0,92,72.0,73.6
5.6,73.0,49,90.0,53.6
8.8,55.0,54,40.0,56.6
2.4,89.0,93,67.0,58.8
5.2,73.0,41,96.0,54.6
6.9,99.0,38,74.0,57.0
4.7,69.0,39,78.0,44.7
4.3,61.0,45,74.0,43.6
4.6,67.0,79,69.0,62.8
8.4,96.0,93,42.0,74.2
9.8,90.0,47,64.0,67.9
6.5,69.0,89,65.0,64.8
6.7,55.0,90,47.0,68.7
6.3,84.0,66,84.0,68.9
7.7,77.0,70,87.0,72.2
0.9,75.0,58,,44.1
7.9,92.0,51,57.0,61.0
3.5,64.0,63,41.0,50.4
7.4,88.0,93,77.0,77.6
5.0,85.0,36,61.0,47.6
4.9,97.0,98,53.0,72.2
4.3,92.0,45,80.0,53.8
7.6,83.0,82,59.0,69.9
0.8,89.0,56,79.0,45.9
0.7,68.0,97,55.0,53.5
9.5,57.0,47,65.0,58.3
2.2,60.0,86,75.0,55.1
6.2,70.0,81,80.0,64.0
7.7,70.0,99,74.0,78.0
7.7,68.0,92,50.0,76.2
5.6,71.0,94,81.0,67.8
6.7,76.0,87,52.0,70.5
6.4,55.0,87,100.0,65.5
6.4,93.0,46,100.0,61.5
6.7,85.0,100,95.0,77.4
7.4,65.0,57,70.0,65.1
3.3,51.0,61,76.0,48.5
9.9,100.0,57,69.0,74.0
3.6,60.0,66,69.0,54.5
7.0,76.0,95,95.0,76.8
8.9,84.0,50,85.0,70.5
0.7,80.0,42,58.0,41.1
0.9,75.0,100,80.0,62.1
1.9,66.0,49,86.0,41.4
9.2,100.0,96,53.0,81.4
4.9,95.0,97,88.0,72.8
4.7,100.0,92,84.0,71.0
1.8,83.0,71,41.0,47.0
3.3,95.0,55,76.0,56.0
3.3,97.0,51,49.0,51.5
2.7,63.0,73,49.0,51.2
7.6,83.0,86,70.0,75.9
2.0,82.0,75,73.0,54.1
2.1,83.0,96,51.0,60.4
1.1,64.0,74,53.0,44.1
8.0,91.0,60,62.0,67.2
0.6,97.0,64,87.0,49.0
1.4,71.0,99,44.0,54.3
5.6,55.0,42,68.0,49.1
7.5,94.0,66,54.0,69.4
6.3,85.0,70,45.0,65.3
9.1,58.0,73,43.0,63.7
5.0,56.0,41,60.0,48.5
4.7,80.0,60,46.0,54.5
5.9,87.0,90,95.0,79.1
6.6,87.0,93,40.0,69.0
6.5,71.0,99,70.0,74.2
8.7,65.0,78,57.0,72.0
1.6,98.0,58,71.0,46.0
5.2,61.0,43,88.0,50.5
4.7,90.0,58,52.0,58.7
5.3,70.0,95,46.0,68.1
6.9,70.0,55,52.0,60.1
6.3,60.0,76,73.0,68.6
7.9,67.0,64,99.0,66.1
4.0,69.0,77,86.0,59.4
4.5,75.0,88,40.0,64.3
3.9,58.0,93,89.0,62.3
6.8,66.0,72,93.0,66.0
3.6,85.0,60,91.0,54.4
1.5,65.0,55,60.0,44.6
9.5,52.0,84,84.0,80.0
9.9,87.0,83,43.0,73.6
4.0,68.0,49,70.0,45.3
7.9,76.0,54,95.0,62.6
1.3,65.0,76,76.0,51.5
8.3,94.0,37,48.0,61.6
7.3,70.0,81,97.0,75.8
3.6,64.0,93,63.0,60.0
2.9,97.0,37,48.0,40.5
5.1,53.0,42,98.0,55.2
10.0,82.0,76,90.0,80.5
1.1,54.0,46,75.0,40.7
8.5,55.0,94,79.0,77.6
7.0,67.0,94,68.0,76.6
3.6,61.0,78,69.0,56.9
4.6,51.0,86,76.0,59.2
0.6,70.0,89,49.0,48.9
3.6,79.0,60,89.0,59.2
7.3,86.0,54,52.0,63.8
0.7,88.0,40,89.0,38.8
8.8,64.0,61,52.0,61.8
9.4,63.0,80,41.0,67.0
8.4,74.0,38,68.0,62.0
1.0,78.0,86,52.0,50.2
1.4,61.0,99,98.0,62.1
2.5,81.0,80,87.0,65.0
1.4,82.0,81,70.0,53.0
0.6,76.0,86,94.0,52.7
1.1,91.0,73,54.0,56.5
4.2,80.0,37,100.0,55.8
0.9,65.0,57,76.0,38.4
5.0,52.0,42,78.0,50.4
4.0,76.0,55,66.0,48.8
7.5,92.0,58,63.0,69.2
5.2,69.0,86,80.0,65.4
0.8,51.0,77,41.0,47.2
9.2,52.0,83,88.0,75.7
0.6,64.0,46,66.0,42.1
9.8,,91,48.0,83.7
5.0,66.0,51,60.0,52.5
7.3,80.0,98,87.0,82.9
5.4,59.0,63,82.0,53.5
8.9,56.0,66,54.0,62.1
7.2,79.0,69,88.0,73.1
1.9,97.0,39,87.0,50.9
2.4,61.0,36,49.0,37.5
4.3,50.0,96,70.0,66.6
9.7,75.0,92,53.0,78.8
7.6,91.0,100,99.0,82.9
3.7,81.0,93,82.0,63.3
3.0,100.0,81,67.0,64.2
2.7,79.0,49,47.0,45.1
3.4,77.0,45,95.0,55.2
8.9,82.0,59,49.0,69.6
7.5,72.0,54,76.0,65.6
3.9,64.0,56,63.0,46.2
8.7,64.0,54,74.0,68.1
3.1,75.0,72,64.0,59.1
4.9,58.0,73,40.0,50.3
2.5,96.0,43,43.0,47.0
2.0,65.0,85,90.0,54.4
2.9,72.0,44,54.0,47.6
1.7,97.0,54,53.0,46.9
0.6,57.0,74,73.0,42.6
6.8,69.0,50,74.0,60.3
9.8,96.0,78,96.0,81.3
9.0,57.0,94,67.0,77.2
8.0,98.0,72,54.0,71.9
9.6,73.0,65,95.0,77.7
4.6,53.0,48,95.0,53.3
9.1,90.0,100,61.0,83.2
1.3,56.0,97,55.0,55.1
3.0,99.0,97,75.0,70.2
8.8,92.0,83,42.0,76.3
9.6,86.0,47,47.0,69.1
7.2,88.0,88,92.0,76.8
8.0,79.0,39,100.0,61.3
4.6,51.0,62,76.0,49.7
3.3,76.0,38,86.0,46.1
7.0,72.0,66,57.0,62.0
9.9,66.0,55,53.0,65.8
7.5,98.0,79,89.0,80.1
3.7,89.0,64,60.0,59.3
6.6,70.0,98,80.0,71.8
7.2,72.0,78,91.0,70.7
2.1,51.0,49,52.0,39.3
5.8,98.0,57,65.0,62.8
7.3,92.0,86,94.0,76.0
4.3,74.0,48,94.0,58.0
3.3,86.0,45,60.0,52.7
5.7,92.0,70,41.0,61.9
2.8,64.0,91,81.0,64.0
9.7,89.0,96,93.0,87.3
2.3,61.0,86,80.0,57.9
3.0,100.0,81,91.0,68.7
9.3,65.0,75,74.0,71.4
8.7,94.0,66,90.0,75.6
8.0,82.0,95,74.0,77.4
7.3,95.0,63,69.0,65.6
4.7,87.0,90,44.0,70.1
5.8,53.0,79,70.0,65.5
1.1,96.0,70,76.0,51.5
6.2,77.0,52,65.0,54.4
6.9,71.0,64,76.0,66.6
7.8,93.0,75,95.0,71.3
3.9,57.0,44,79.0,41.7
2.3,88.0,57,93.0,50.2
1.6,55.0,47,100.0,41.9
8.1,74.0,95,48.0,78.5
2.2,77.0,67,71.0,47.9
3.8,91.0,45,61.0,49.6
8.9,53.0,42,83.0,57.9
5.5,50.0,76,64.0,56.7
4.1,54.0,57,52.0,48.8
9.8,56.0,54,78.0,64.5
8.5,99.0,57,72.0,66.7
0.9,84.0,50,91.0,50.4
7.0,87.0,56,97.0,62.5
6.3,71.0,93,99.0,76.4
9.5,92.0,43,61.0,63.0
5.2,100.0,86,42.0,66.3
8.2,92.0,47,94.0,67.4
5.5,86.0,85,88.0,71.7
4.8,62.0,72,100.0,63.1
5.2,81.0,48,60.0,53.8
9.9,99.0,71,89.0,82.9
2.3,55.0,74,97.0,54.8
6.6,97.0,41,74.0,54.4
3.8,84.0,41,92.0,54.4
5.5,61.0,100,63.0,70.8
4.8,61.0,63,85.0,54.9
5.9,89.0,36,42.0,54.4
9.3,50.0,65,82.0,70.8
9.9,64.0,82,98.0,83.1
2.8,92.0,68,96.0,63.9
9.1,69.0,61,100.0,75.0
7.1,76.0,87,64.0,69.5
5.1,88.0,36,80.0,54.2
1.7,94.0,63,44.0,50.4
5.1,61.0,76,50.0,62.3
9.3,75.0,71,74.0,71.1
7.7,75.0,60,100.0,63.9
5.4,52.0,95,70.0,62.2
2.3,98.0,43,55.0,45.1
4.7,99.0,40,82.0,59.2
2.5,70.0,40,76.0,37.9
2.9,61.0,79,69.0,52.0
2.0,68.0,99,44.0,55.0
7.4,51.0,91,44.0,70.5
2.0,85.0,75,43.0,48.4
0.7,96.0,56,86.0,53.5
1.5,64.0,35,64.0,30.7
5.9,64.0,39,76.0,51.3
5.0,86.0,84,58.0,67.7
2.8,81.0,67,62.0,58.1
9.0,79.0,81,54.0,70.7
9.7,66.0,55,63.0,68.3
0.9,76.0,64,65.0,42.7
4.4,76.0,93,86.0,68.4
3.7,92.0,86,48.0,65.0
2.3,62.0,81,97.0,57.2
4.1,69.0,62,65.0,49.8
3.4,99.0,87,43.0,59.9
6.8,83.0,90,51.0,76.0
5.9,61.0,69,87.0,63.9
6.0,62.0,54,66.0,52.9
7.7,81.0,75,79.0,76.2
8.8,93.0,47,90.0,64.3
8.8,71.0,46,60.0,65.0
9.6,69.0,43,63.0,63.1
4.7,71.0,57,58.0,50.9
8.9,60.0,88,47.0,72.5
5.7,80.0,70,84.0,68.4
9.5,78.0,47,88.0,63.0
5.0,99.0,37,77.0,55.9
6.1,61.0,92,97.0,67.1
3.8,71.0,45,96.0,49.4
6.9,59.0,49,99.0,61.9
3.5,95.0,45,62.0,51.1
9.0,76.0,56,63.0,69.6
5.4,51.0,97,60.0,69.5
3.4,78.0,90,61.0,57.8
4.9,55.0,77,75.0,54.9
0.6,86.0,37,59.0,36.0
0.8,93.0,69,84.0,52.0
9.9,77.0,87,85.0,80.7
5.7,81.0,71,57.0,58.1
8.2,70.0,100,97.0,78.3
1.5,54.0,57,63.0,37.1
1.3,54.0,36,86.0,31.4
6.4,59.0,93,80.0,74.4
1.7,95.0,52,52.0,50.5
7.3,55.0,35,67.0,53.5
1.3,70.0,59,70.0,48.5
7.2,80.0,71,86.0,71.5
2.3,50.0,45,51.0,42.1
6.0,62.0,50,84.0,58.2
7.7,64.0,55,65.0,61.5
5.3,68.0,62,67.0,54.3
0.6,93.0,67,58.0,51.4
3.8,96.0,42,79.0,54.7
9.0,78.0,36,87.0,64.0
9.2,94.0,43,76.0,64.5
7.6,80.0,82,71.0,70.9
7.6,64.0,56,42.0,59.3
3.6,100.0,86,69.0,70.1
7.5,74.0,88,100.0,72.4
9.9,90.0,54,65.0,69.3
9.1,59.0,58,53.0,58.7
3.7,51.0,98,65.0,58.2
3.1,62.0,97,78.0,65.4
2.0,92.0,42,62.0,48.9
5.0,68.0,53,55.0,51.6
5.2,69.0,55,61.0,54.9
1.7,58.0,71,61.0,49.6
4.0,80.0,43,41.0,45.0
3.6,64.0,75,80.0,61.6
5.8,86.0,77,84.0,65.7
6.5,64.0,65,92.0,66.7
0.7,82.0,47,64.0,43.4
5.2,88.0,69,44.0,59.3
3.1,59.0,81,94.0,61.7
0.5,72.0,96,75.0,53.4
9.9,88.0,60,92.0,78.7
6.2,68.0,42,87.0,58.6
2.9,74.0,89,84.0,65.9
1.9,51.0,38,81.0,39.0
7.9,59.0,92,80.0,73.4
3.5,67.0,93,57.0,58.2
6.1,70.0,37,47.0,43.8
1.8,96.0,83,75.0,55.6
2.2,89.0,39,81.0,43.4
8.9,53.0,51,71.0,56.5
5.5,95.0,65,45.0,63.2
4.4,98.0,43,71.0,52.5
8.0,94.0,54,75.0,70.4
1.6,66.0,64,55.0,40.9
6.6,94.0,63,70.0,61.3
1.9,58.0,99,60.0,55.8
0.7,98.0,72,71.0,48.6
1.1,62.0,39,53.0,31.5
1.3,73.0,100,97.0,66.7
0.6,90.0,71,57.0,50.1
2.4,88.0,67,61.0,50.3
6.7,78.0,38,68.0,55.3
4.4,61.0,49,42.0,44.4
2.5,98.0,73,93.0,63.2
3.4,79.0,41,81.0,49.1
2.9,82.0,38,59.0,38.4
2.5,96.0,84,86.0,62.3
2.1,81.0,96,75.0,64.0
9.4,54.0,48,96.0,59.4
0.6,67.0,35,59.0,32.5
1.4,73.0,62,81.0,45.4
1.2,76.0,37,59.0,39.8
3.0,63.0,50,98.0,50.4
8.9,80.0,57,40.0,60.2
8.9,94.0,69,57.0,68.1
7.1,63.0,43,65.0,55.9
8.4,76.0,57,40.0,62.7
7.8,67.0,71,86.0,68.9
3.1,62.0,65,,52.1
8.8,77.0,97,90.0,80.6
4.0,88.0,82,69.0,67.2
9.1,96.0,53,60.0,70.9
4.3,79.0,79,89.0,62.5
5.2,84.0,87,63.0,72.3
1.8,72.0,94,68.0,61.6
0.9,82.0,53,78.0,43.6
8.6,86.0,52,92.0,71.7
8.3,,99,74.0,72.4
9.4,92.0,56,87.0,70.2
1.6,96.0,82,75.0,63.8
2.6,72.0,87,84.0,63.3
4.8,94.0,59,85.0,56.2
1.5,59.0,44,84.0,44.8
8.3,84.0,47,100.0,70.0
1.7,61.0,44,44.0,34.0
3.9,75.0,36,84.0,48.1
3.4,89.0,96,80.0,69.9
0.8,70.0,79,41.0,45.0
7.7,99.0,47,67.0,65.8
9.7,81.0,38,64.0,58.1
5.0,84.0,46,45.0,48.1
1.4,74.0,78,55.0,52.2
5.7,95.0,92,53.0,72.8
6.1,93.0,38,99.0,59.1
3.1,86.0,84,91.0,68.7
6.1,94.0,97,51.0,78.1
3.3,71.0,89,47.0,60.7
5.1,65.0,35,64.0,48.7
7.8,52.0,73,51.0,60.1
5.2,95.0,91,91.0,76.4
1.8,97.0,38,68.0,43.9
7.2,94.0,82,80.0,75.8
4.6,94.0,89,44.0,61.9
3.9,75.0,99,98.0,68.3
0.7,55.0,58,82.0,39.0
5.8,80.0,43,90.0,58.1
0.9,62.0,53,59.0,35.6
1.1,100.0,36,47.0,39.6
3.4,58.0,75,98.0,55.4
6.8,80.0,96,53.0,69.4
5.6,54.0,53,82.0,50.1
1.1,82.0,44,76.0,39.0
6.4,64.0,68,66.0,56.8
7.9,51.0,59,82.0,64.1
8.4,64.0,51,70.0,62.4
6.6,98.0,55,55.0,63.0
4.6,51.0,88,44.0,58.8
7.8,52.0,82,57.0,65.7
9.2,69.0,76,98.0,74.6
4.2,94.0,52,70.0,53.7
5.6,89.0,43,56.0,54.8
6.1,64.0,75,99.0,70.8
3.8,69.0,59,92.0,53.1
6.2,92.0,59,89.0,66.4
7.0,62.0,81,85.0,69.7
6.0,61.0,50,86.0,57.8
6.2,90.0,78,51.0,70.9
4.2,95.0,69,99.0,65.6
6.3,,50,64.0,57.8
2.3,66.0,98,69.0,65.2
5.4,76.0,60,57.0,52.1
6.2,80.0,90,64.0,69.1
7.7,53.0,40,94.0,52.1
1.7,56.0,89,53.0,47.7
1.6,89.0,70,58.0,51.3
5.9,67.0,80,93.0,65.1
7.7,60.0,84,53.0,68.5
5.9,89.0,69,91.0,67.5
2.6,79.0,56,97.0,49.5
2.8,69.0,90,77.0,64.6
2.7,55.0,87,85.0,57.6
8.6,98.0,83,41.0,76.1
5.2,100.0,78,60.0,62.3
4.7,63.0,82,49.0,61.1
4.1,100.0,86,53.0,63.1
7.3,64.0,83,78.0,74.1
5.9,91.0,43,68.0,58.2
3.9,51.0,97,67.0,64.3
2.9,64.0,69,63.0,55.5
2.6,87.0,60,94.0,50.6
2.7,95.0,55,45.0,50.5
5.5,66.0,92,49.0,63.3
9.2,64.0,87,59.0,71.5
6.4,86.0,57,58.0,60.8
2.7,62.0,44,44.0,42.1
5.6,99.0,94,75.0,78.0
9.4,65.0,36,60.0,61.4
0.7,82.0,42,65.0,35.6
1.8,88.0,82,76.0,61.5
7.2,95.0,66,50.0,67.8
4.1,50.0,71,69.0,53.9
5.7,96.0,86,96.0,75.1
3.9,88.0,86,88.0,64.9
8.7,58.0,39,53.0,50.5
1.6,76.0,83,64.0,52.9
7.6,63.0,90,89.0,76.2
8.0,97.0,52,81.0,70.7
9.1,78.0,67,71.0,70.5
2.4,58.0,88,43.0,50.6
1.5,73.0,41,62.0,38.8
4.6,88.0,72,62.0,64.6
9.8,80.0,43,62.0,62.6
0.6,56.0,53,87.0,42.9
2.6,83.0,82,41.0,55.3
3.8,70.0,71,63.0,51.2
4.7,81.0,90,88.0,69.9
7.6,82.0,43,49.0,61.3
4.7,96.0,69,49.0,56.9
4.1,75.0,63,42.0,47.5
4.5,62.0,88,91.0,68.7
2.9,63.0,35,44.0,33.6
8.0,64.0,94,98.0,83.4
1.3,79.0,78,79.0,56.9
9.6,86.0,77,80.0,80.6
8.4,87.0,70,91.0,75.5
0.7,80.0,69,61.0,52.2
9.9,53.0,73,91.0,77.4
2.6,100.0,63,96.0,63.4
1.4,84.0,99,63.0,60.4
3.3,65.0,55,79.0,49.5
3.5,53.0,90,65.0,61.8
0.8,73.0,50,59.0,37.3
9.6,87.0,62,65.0,71.3
8.1,71.0,55,78.0,62.3
1.3,100.0,36,49.0,40.5
9.7,94.0,54,43.0,63.2
9.8,73.0,80,82.0,79.1
3.6,52.0,45,42.0,41.4
2.1,75.0,97,46.0,56.5
1.2,89.0,71,48.0,45.6
6.6,94.0,100,46.0,75.9
4.2,71.0,55,84.0,53.6
3.4,91.0,86,66.0,67.0
3.4,70.0,61,55.0,49.7
1.1,57.0,53,46.0,42.4
3.2,71.0,75,77.0,54.6
9.3,92.0,73,99.0,82.1
4.0,75.0,59,62.0,48.5
2.9,61.0,98,69.0,63.3
3.6,58.0,76,87.0,62.2
9.2,86.0,58,40.0,70.0
1.4,71.0,53,42.0,44.1
9.6,62.0,58,,61.6
3.8,89.0,82,61.0,57.7
5.3,63.0,53,61.0,53.9
3.1,75.0,60,67.0,53.9
9.7,87.0,72,74.0,81.9
0.7,87.0,43,70.0,44.4
8.9,86.0,64,99.0,72.8
3.4,91.0,39,92.0,47.9
3.0,83.0,64,42.0,48.0
0.5,53.0,44,91.0,40.3
9.4,51.0,99,95.0,86.1
3.4,88.0,41,71.0,53.1
3.2,57.0,65,99.0,58.7
5.7,62.0,36,83.0,49.0
5.1,56.0,51,99.0,56.6
6.9,76.0,55,97.0,63.2
7.8,68.0,74,74.0,70.8
2.0,57.0,35,55.0,30.4
3.1,61.0,49,88.0,46.9
7.9,79.0,100,47.0,76.8
3.9,55.0,80,51.0,53.8
7.4,89.0,46,44.0,54.7
7.1,62.0,96,99.0,79.1
4.2,98.0,90,46.0,69.5
2.1,89.0,96,89.0,67.0
7.6,92.0,98,75.0,83.8
2.4,52.0,39,68.0,34.8
6.8,73.0,78,,69.9
4.9,58.0,47,78.0,50.2
5.0,85.0,78,47.0,63.5
3.5,69.0,89,58.0,55.7
6.8,58.0,68,92.0,63.1
4.4,54.0,81,44.0,55.7
0.7,68.0,76,51.0,49.0
6.2,56.0,81,47.0,57.4
8.9,61.0,62,77.0,69.8
8.5,85.0,45,91.0,67.9
5.7,85.0,73,46.0,66.3
9.2,76.0,46,82.0,63.7
1.4,87.0,35,46.0,41.3
4.4,56.0,68,50.0,53.1
1.3,60.0,58,81.0,48.6
8.2,80.0,62,86.0,71.5
8.7,82.0,65,66.0,64.8
8.0,99.0,59,71.0,69.9
6.8,62.0,72,62.0,59.2
6.0,67.0,66,79.0,65.0
6.7,81.0,35,47.0,50.3
1.7,61.0,50,82.0,40.6
2.9,52.0,44,83.0,41.8
1.6,50.0,61,85.0,41.1
3.7,78.0,53,49.0,51.1
3.6,76.0,83,82.0,62.8
8.6,59.0,61,64.0,62.3
6.8,,97,100.0,77.3
4.9,53.0,42,87.0,48.0
8.9,59.0,71,57.0,64.0
7.7,54.0,93,62.0,69.3
8.7,80.0,84,57.0,71.6
0.7,65.0,97,64.0,52.5
9.4,57.0,69,86.0,69.8
8.7,83.0,74,87.0,74.7
1.5,68.0,67,91.0,48.3
8.6,86.0,58,80.0,69.4
0.7,99.0,88,76.0,58.1
7.5,96.0,89,56.0,78.1
4.3,88.0,80,46.0,60.2
3.6,71.0,80,70.0,61.8
4.6,85.0,37,84.0,47.0
4.4,52.0,61,69.0,50.4
7.0,85.0,91,85.0,73.3
1.4,66.0,36,98.0,41.0
6.1,78.0,61,45.0,56.3
8.2,100.0,65,42.0,68.5
7.7,96.0,35,99.0,66.4
4.4,71.0,47,45.0,47.0
0.5,94.0,79,99.0,56.4
0.8,56.0,37,82.0,32.9
7.5,96.0,57,52.0,67.7
1.1,78.0,63,79.0,45.0
2.4,90.0,73,93.0,61.5
9.1,80.0,83,40.0,70.4
8.5,76.0,48,45.0,62.3
1.5,64.0,56,57.0,44.3
5.5,87.0,77,96.0,69.1
6.8,63.0,92,67.0,67.3
3.5,88.0,62,99.0,61.6
4.4,74.0,94,99.0,66.3
1.7,53.0,64,87.0,49.1
5.1,91.0,52,43.0,54.2
1.7,53.0,100,94.0,61.6
5.7,71.0,46,56.0,49.2
0.9,81.0,61,48.0,47.2
5.4,89.0,91,44.0,67.5
7.7,79.0,56,83.0,63.1
7.8,99.0,38,89.0,65.3
0.8,70.0,56,88.0,47.4
7.0,80.0,47,68.0,61.4
8.0,97.0,38,86.0,60.0
1.6,82.0,72,88.0,52.9
1.9,92.0,96,58.0,62.4
2.2,98.0,71,72.0,58.5
0.9,77.0,94,41.0,49.6
8.9,74.0,79,80.0,73.9
5.5,75.0,83,76.0,63.3
5.4,70.0,82,82.0,61.7
6.0,96.0,40,75.0,59.2
2.5,76.0,93,79.0,61.3
7.9,83.0,58,48.0,58.8
1.7,75.0,67,93.0,53.2
7.5,66.0,68,94.0,69.4
8.9,65.0,59,64.0,67.1
4.3,65.0,54,83.0,48.3
3.3,60.0,74,66.0,51.8
7.7,58.0,82,86.0,73.3
3.4,99.0,67,45.0,55.8
9.5,90.0,84,50.0,76.7
8.7,52.0,58,65.0,64.7
5.7,61.0,72,52.0,63.0
1.3,74.0,74,66.0,53.7
9.6,83.0,99,98.0,92.4
4.0,85.0,99,73.0,66.7
9.7,79.0,42,83.0,67.9
1.0,68.0,65,53.0,48.3
3.9,83.0,67,77.0,56.7
2.6,59.0,48,45.0,36.0
7.4,100.0,50,74.0,60.6
1.4,93.0,60,71.0,47.3
2.6,76.0,39,86.0,40.7
7.7,81.0,76,64.0,66.4
7.9,96.0,36,40.0,60.9
8.2,87.0,48,61.0,65.5
6.2,50.0,66,84.0,58.3
3.0,68.0,50,86.0,52.5
7.0,75.0,82,79.0,74.2
3.5,54.0,50,95.0,48.7
5.6,64.0,64,65.0,57.7
1.8,76.0,59,50.0,48.5
6.2,59.0,44,55.0,49.5
1.4,52.0,72,48.0,44.4
8.4,90.0,37,89.0,66.3
4.6,100.0,40,73.0,55.6
7.9,51.0,40,100.0,54.2
2.4,74.0,85,96.0,62.4
4.2,93.0,93,44.0,64.5
2.2,63.0,67,97.0,51.0
5.7,77.0,48,71.0,56.4
6.6,59.0,61,73.0,62.5
1.6,69.0,35,90.0,40.2
3.3,80.0,52,66.0,45.2
7.4,53.0,48,82.0,55.6
8.3,82.0,82,76.0,76.6
6.0,51.0,92,56.0,65.7
7.2,89.0,88,89.0,78.9
6.7,85.0,93,45.0,75.9
4.0,74.0,66,49.0,51.8
5.3,69.0,59,51.0,57.9
8.2,64.0,72,89.0,66.8
5.8,53.0,87,79.0,67.7
4.3,57.0,93,88.0,64.6
2.2,63.0,74,75.0,56.8
2.6,92.0,81,81.0,59.3
9.0,,37,93.0,70.1
3.8,76.0,50,49.0,51.7
0.8,100.0,53,65.0,47.5
4.6,67.0,46,90.0,52.3
6.5,63.0,36,75.0,51.0
7.0,59.0,59,91.0,62.1
7.6,66.0,59,89.0,62.2
8.1,69.0,100,57.0,78.2
9.6,80.0,63,40.0,63.2
4.2,74.0,43,43.0,41.5
2.4,55.0,59,92.0,49.4
0.7,54.0,83,73.0,45.0
6.5,54.0,76,43.0,59.2
5.5,87.0,91,81.0,71.7
2.6,67.0,69,41.0,52.4
4.2,53.0,92,96.0,61.4
6.9,88.0,52,62.0,56.0
5.2,90.0,95,99.0,74.7
7.1,88.0,43,89.0,64.2
6.9,66.0,43,52.0,49.5
1.8,70.0,80,85.0,60.1
4.3,79.0,45,69.0,45.4
2.1,56.0,45,78.0,37.7
4.5,82.0,75,48.0,59.0
4.1,62.0,62,68.0,48.2
3.0,53.0,56,95.0,49.7
3.3,52.0,47,67.0,40.8
2.4,66.0,48,65.0,42.9
4.9,100.0,98,82.0,76.0
8.4,90.0,46,96.0,67.3
2.2,90.0,59,56.0,49.9
5.7,97.0,97,90.0,80.5
4.5,64.0,66,96.0,54.9
10.0,76.0,38,61.0,59.6
0.7,100.0,89,65.0,60.7
7.2,75.0,98,55.0,78.6
8.7,50.0,81,88.0,67.3
8.5,61.0,63,80.0,64.9
4.2,92.0,81,40.0,64.2
1.5,66.0,86,76.0,51.8
9.4,54.0,52,60.0,62.1
9.6,85.0,69,55.0,72.2
5.7,51.0,55,48.0,54.1
0.8,88.0,64,82.0,53.7
7.3,66.0,99,58.0,75.4
8.5,89.0,100,75.0,85.1
4.8,84.0,99,69.0,76.1
6.7,55.0,80,99.0,65.3
4.2,62.0,58,41.0,52.5
1.2,89.0,43,86.0,46.0
5.6,74.0,54,94.0,60.4
7.3,59.0,51,60.0,56.3
0.9,91.0,75,83.0,55.4
6.4,65.0,82,43.0,65.4
8.7,98.0,84,64.0,81.4
0.9,93.0,50,50.0,40.6
3.8,73.0,69,56.0,51.5
4.2,58.0,80,92.0,64.4
6.5,58.0,69,90.0,62.5
2.3,86.0,48,61.0,45.1
9.2,61.0,78,86.0,79.3
3.8,60.0,56,65.0,53.3
3.8,88.0,82,46.0,57.9
5.8,75.0,82,63.0,61.3
9.6,85.0,76,41.0,74.8
3.2,66.0,63,40.0,44.6
6.9,82.0,44,99.0,64.7
2.1,62.0,77,77.0,50.6
4.0,75.0,74,45.0,54.3
3.6,56.0,62,86.0,48.9
4.5,96.0,47,55.0,55.9
0.7,89.0,69,100.0,57.6
1.5,99.0,46,42.0,45.9
5.5,57.0,95,75.0,63.5
5.0,67.0,81,48.0,57.5
7.8,75.0,55,96.0,62.5
8.2,77.0,88,43.0,77.3
4.4,98.0,92,74.0,70.5
5.2,71.0,100,61.0,74.5
6.5,96.0,89,63.0,77.2
6.3,61.0,99,48.0,67.1
1.3,,89,61.0,54.3
0.9,59.0,74,63.0,48.0
1.2,65.0,51,81.0,46.4
8.1,70.0,43,53.0,51.7
2.4,90.0,89,75.0,65.5
3.2,83.0,84,64.0,61.8
5.2,94.0,63,67.0,61.1
9.5,91.0,87,49.0,81.8
9.9,95.0,56,98.0,74.9
5.5,61.0,48,87.0,50.0
6.3,91.0,35,80.0,53.9
0.6,55.0,66,66.0,40.2
4.9,51.0,56,89.0,52.9
4.8,100.0,58,97.0,61.9
9.7,85.0,69,70.0,71.4
0.8,59.0,46,72.0,40.8
4.1,92.0,65,86.0,57.1
7.3,57.0,95,51.0,65.7
8.0,96.0,62,99.0,73.9
8.5,51.0,76,51.0,62.4
6.3,97.0,87,96.0,73.8
3.6,87.0,44,80.0,48.8
9.0,70.0,81,84.0,80.9
5.6,70.0,74,57.0,60.2
7.5,81.0,63,50.0,66.7
5.9,66.0,67,76.0,64.1
7.4,61.0,92,78.0,76.5
2.3,61.0,91,44.0,51.2
6.2,98.0,98,86.0,75.7
3.6,87.0,66,48.0,51.1
1.4,100.0,81,65.0,60.4
2.3,52.0,40,56.0,39.1
7.0,79.0,99,72.0,80.7
7.1,96.0,82,82.0,75.8
4.2,53.0,40,52.0,36.7
4.2,55.0,76,47.0,53.5
9.6,96.0,46,41.0,68.0
9.3,87.0,79,82.0,74.4
6.7,97.0,100,52.0,73.0
6.0,80.0,45,53.0,55.2
1.6,75.0,41,80.0,38.4
1.6,93.0,93,66.0,61.4
6.3,97.0,46,47.0,53.0
2.2,57.0,39,68.0,34.6
5.5,78.0,66,52.0,63.0
3.3,62.0,90,64.0,58.0
4.8,92.0,73,89.0,66.4
2.2,55.0,71,41.0,48.7
1.8,71.0,36,76.0,41.2
3.2,58.0,37,93.0,46.7
9.9,72.0,83,93.0,83.8
0.5,63.0,79,48.0,48.9
7.9,64.0,93,47.0,68.2
5.7,84.0,81,64.0,65.2
0.8,54.0,54,41.0,32.2
1.7,89.0,55,70.0,45.7
6.2,53.0,91,86.0,71.3
6.1,76.0,64,48.0,55.2
9.1,71.0,75,56.0,75.8
6.5,50.0,63,84.0,61.4
1.7,89.0,81,98.0,64.9
7.8,78.0,82,67.0,76.6
4.7,93.0,79,63.0,63.0
2.9,,52,93.0,50.7
0.9,53.0,50,91.0,43.3
8.2,97.0,87,75.0,77.2
9.5,81.0,55,67.0,68.6
8.2,92.0,81,68.0,72.1
1.5,71.0,42,69.0,35.8
1.5,53.0,94,85.0,54.1
8.8,73.0,70,71.0,68.8
7.2,51.0,37,76.0,50.8
6.9,78.0,89,85.0,74.0
1.6,50.0,77,52.0,51.7
6.3,60.0,91,99.0,69.7
8.3,55.0,80,77.0,66.0
8.6,51.0,39,43.0,56.9
3.5,71.0,38,88.0,42.1
5.1,79.0,50,98.0,55.3
6.1,84.0,43,92.0,60.4
6.5,67.0,35,60.0,47.2
8.0,52.0,67,79.0,65.8
6.6,88.0,98,99.0,84.6
5.2,64.0,43,52.0,47.0
4.4,88.0,72,46.0,58.0
2.6,68.0,41,71.0,42.2
2.2,70.0,90,51.0,53.5
6.1,68.0,49,79.0,55.4
9.2,60.0,90,94.0,84.2
4.9,82.0,93,92.0,76.1
4.4,60.0,38,80.0,49.1
9.3,84.0,45,55.0,62.2
5.4,82.0,92,97.0,70.2
9.6,96.0,99,80.0,89.3
0.8,54.0,86,97.0,51.3
1.6,72.0,100,87.0,67.2
5.3,78.0,36,74.0,47.1
0.9,80.0,75,70.0,53.2
2.3,86.0,45,59.0,45.7
1.3,60.0,100,97.0,61.1
2.1,92.0,89,75.0,66.6
4.2,92.0,96,82.0,73.1
2.7,57.0,68,97.0,56.2
3.9,52.0,98,97.0,66.7
6.9,94.0,63,61.0,67.8
4.9,92.0,85,51.0,64.1
4.5,90.0,71,93.0,65.9
3.0,89.0,89,41.0,58.1
4.7,59.0,78,46.0,55.5
6.0,65.0,87,57.0,66.2
6.0,100.0,63,57.0,64.0
6.3,77.0,52,56.0,55.4
5.5,88.0,43,67.0,49.6
1.2,57.0,66,62.0,45.8
2.1,63.0,87,46.0,50.5
0.5,61.0,66,42.0,44.7
4.3,99.0,37,98.0,51.2
3.4,59.0,68,47.0,50.7
8.8,94.0,72,57.0,68.9
1.1,98.0,96,97.0,70.1
1.7,,40,74.0,39.9
4.3,85.0,53,46.0,49.1
8.6,56.0,63,93.0,65.6
4.1,66.0,89,79.0,65.6
7.1,87.0,85,84.0,76.6
4.1,69.0,46,60.0,45.6
6.8,57.0,50,79.0,52.6
8.5,99.0,96,63.0,80.2
0.9,57.0,44,70.0,32.4
8.4,84.0,85,53.0,74.0
6.7,56.0,100,77.0,70.7
5.1,53.0,38,78.0,48.0
3.3,87.0,67,51.0,49.9
7.0,67.0,90,67.0,71.2
3.0,50.0,74,60.0,49.7
3.7,51.0,92,90.0,67.1
2.3,82.0,38,67.0,38.8
8.1,74.0,51,94.0,66.5
3.2,56.0,85,80.0,56.7
1.0,94.0,89,50.0,60.4
2.2,98.0,92,67.0,68.7
3.5,58.0,75,79.0,51.6
3.2,56.0,46,63.0,46.8
2.9,83.0,84,43.0,52.7
1.5,87.0,85,70.0,60.1
8.8,61.0,80,68.0,76.1
3.1,58.0,87,90.0,58.0
1.2,96.0,49,98.0,46.2
7.5,80.0,78,54.0,68.5
8.7,84.0,41,69.0,62.7
4.0,66.0,100,51.0,62.3
7.6,82.0,76,96.0,71.7
3.0,52.0,89,56.0,53.7
3.7,59.0,60,94.0,57.1
2.0,95.0,92,58.0,64.6
9.8,93.0,45,68.0,67.5
2.8,68.0,56,71.0,44.9
5.6,93.0,56,92.0,58.8
6.7,53.0,43,78.0,55.6
2.9,95.0,59,42.0,49.8
3.6,84.0,99,93.0,67.5
8.6,69.0,36,42.0,57.7
7.5,82.0,43,85.0,64.7
5.4,54.0,89,62.0,68.3
6.9,73.0,68,56.0,62.3
5.6,73.0,43,70.0,53.3
5.7,50.0,76,55.0,59.6
9.6,82.0,67,95.0,76.9
6.0,87.0,100,89.0,74.7
1.1,70.0,96,77.0,60.6
8.5,93.0,52,56.0,64.2
7.4,88.0,83,85.0,73.3
8.4,91.0,63,77.0,70.7
8.0,59.0,49,81.0,61.5
8.3,86.0,61,51.0,66.4
6.0,63.0,56,49.0,49.8
2.7,50.0,37,44.0,36.7
1.6,51.0,100,93.0,61.1
8.1,80.0,84,47.0,67.2
4.0,100.0,46,58.0,47.9
3.2,70.0,66,81.0,58.8
8.0,67.0,88,90.0,78.6
2.4,69.0,87,95.0,65.8
1.4,50.0,60,86.0,47.0
4.3,61.0,35,63.0,46.0
7.6,74.0,91,93.0,73.4
4.6,92.0,84,67.0,64.6
4.2,73.0,73,95.0,57.7
9.9,64.0,71,40.0,72.0
6.3,87.0,69,89.0,69.3
4.0,85.0,59,67.0,54.4
4.1,96.0,86,50.0,63.7
2.7,77.0,50,70.0,47.6
7.9,54.0,81,41.0,63.8
4.8,54.0,93,97.0,66.1
0.7,55.0,51,67.0,41.6
8.6,90.0,58,64.0,63.4
0.6,86.0,82,99.0,54.1
3.7,70.0,50,69.0,48.6
7.6,81.0,72,64.0,69.8
6.9,91.0,53,57.0,57.0
1.8,67.0,57,50.0,39.5
6.1,78.0,41,91.0,58.5
7.3,73.0,69,98.0,65.8
3.3,,40,60.0,44.4
6.0,58.0,81,71.0,67.4
7.5,54.0,86,54.0,71.6
9.5,79.0,56,53.0,70.1
9.9,82.0,55,98.0,74.1
8.0,50.0,42,45.0,51.4
5.4,60.0,68,85.0,59.4
1.2,84.0,82,40.0,51.8
5.8,,42,45.0,49.4
2.2,79.0,48,92.0,49.8
7.6,52.0,81,54.0,69.9
8.3,58.0,60,42.0,55.0
3.5,50.0,35,70.0,37.0
1.3,82.0,74,75.0,55.4
6.6,86.0,94,66.0,75.7
4.4,58.0,67,57.0,57.6
7.5,89.0,100,99.0,80.3
8.2,55.0,62,97.0,68.9
3.7,59.0,80,89.0,60.3
2.2,79.0,72,53.0,56.6
4.7,83.0,65,61.0,61.9
4.4,67.0,90,42.0,63.4
2.6,95.0,67,97.0,57.5
3.4,61.0,75,91.0,54.9
6.5,69.0,86,98.0,68.9
4.7,78.0,70,85.0,57.4
3.8,73.0,85,50.0,56.6
6.1,84.0,77,97.0,73.4
7.1,96.0,38,82.0,65.2
9.5,56.0,94,89.0,80.3
7.0,59.0,77,91.0,66.0
1.0,94.0,57,50.0,47.0
9.2,70.0,69,84.0,77.0
9.0,92.0,52,51.0,65.5
5.9,53.0,36,50.0,48.3
1.0,70.0,49,61.0,37.0
8.8,91.0,68,68.0,74.3
3.2,81.0,47,88.0,50.0
6.2,53.0,80,85.0,67.5
9.2,92.0,43,43.0,57.6
6.4,,36,53.0,51.2
3.8,52.0,62,67.0,45.2
3.2,54.0,73,80.0,55.0
6.7,89.0,57,74.0,62.2
4.1,86.0,78,49.0,55.6
4.4,81.0,36,81.0,44.4
9.1,85.0,42,44.0,61.2
0.9,94.0,65,70.0,50.6
9.0,63.0,59,76.0,69.8
9.9,64.0,37,40.0,55.9
8.5,71.0,76,40.0,65.2
1.2,63.0,83,60.0,48.5
1.5,84.0,67,51.0,49.7
5.9,99.0,54,54.0,62.6
1.2,97.0,39,76.0,39.0
6.9,72.0,66,40.0,61.6
4.4,66.0,66,40.0,48.6
4.2,64.0,52,79.0,55.2
9.6,79.0,77,88.0,82.4
5.7,70.0,58,45.0,51.0
3.5,75.0,40,54.0,48.3
8.9,50.0,53,69.0,59.5
4.9,79.0,38,,52.3
1.4,72.0,55,54.0,44.7
4.6,60.0,47,81.0,52.8
3.8,,50,73.0,52.6
4.0,56.0,90,46.0,61.0
4.0,85.0,45,86.0,53.5
7.1,80.0,56,85.0,66.0
7.2,98.0,78,98.0,74.2
6.2,63.0,43,75.0,57.5
9.1,80.0,57,91.0,70.8
8.7,92.0,47,72.0,62.4
0.5,61.0,62,79.0,41.5
9.8,58.0,54,43.0,59.5
3.1,63.0,51,99.0,52.2
4.5,73.0,60,84.0,51.9
0.6,52.0,61,43.0,35.3
8.6,58.0,91,71.0,73.5
1.5,73.0,59,42.0,47.0
4.5,53.0,87,,58.3
1.0,95.0,64,99.0,57.5
9.1,56.0,63,48.0,66.0
9.9,55.0,88,83.0,82.2
5.0,74.0,40,95.0,57.2
2.6,100.0,38,56.0,42.8
3.1,89.0,84,65.0,58.5
2.4,57.0,88,71.0,51.4
8.9,76.0,85,69.0,81.2
2.7,75.0,54,45.0,46.1
1.1,87.0,71,89.0,56.9
4.7,77.0,85,52.0,64.9
2.6,76.0,79,40.0,51.4
2.3,60.0,84,48.0,51.7
9.7,66.0,62,90.0,70.6
3.8,91.0,76,57.0,62.2
5.4,52.0,98,100.0,75.6
7.5,76.0,53,80.0,60.2
1.3,88.0,83,56.0,52.5
8.9,96.0,71,100.0,78.7
6.8,73.0,65,54.0,58.9
0.8,94.0,65,44.0,43.0
5.5,75.0,38,63.0,54.6
7.9,74.0,69,71.0,66.4
9.0,67.0,77,100.0,73.2
5.9,67.0,85,64.0,70.3
9.6,54.0,90,53.0,78.5
3.2,51.0,36,76.0,38.2
9.4,82.0,46,92.0,66.6
3.6,73.0,83,65.0,58.1
9.3,50.0,93,95.0,83.8
7.3,57.0,69,51.0,59.8
10.0,66.0,60,55.0,70.4
1.6,99.0,75,96.0,58.2
5.9,64.0,93,54.0,63.1
0.8,91.0,50,71.0,49.0
1.8,57.0,45,63.0,40.9
5.8,70.0,55,53.0,53.1
9.0,77.0,99,91.0,84.2
9.0,81.0,41,47.0,59.7
6.7,93.0,38,84.0,59.2
8.3,64.0,91,69.0,74.4
3.6,62.0,59,69.0,45.2
8.4,98.0,80,92.0,76.7
0.7,73.0,76,81.0,51.6
9.2,80.0,57,86.0,66.7
6.8,62.0,50,67.0,51.0
7.1,57.0,62,88.0,61.4
5.2,60.0,39,52.0,41.5
7.2,83.0,85,51.0,75.0
6.0,90.0,97,90.0,75.2
6.3,92.0,62,98.0,65.0
7.8,78.0,64,84.0,69.5
2.2,68.0,81,94.0,57.8
8.4,100.0,80,54.0,72.3
3.8,52.0,95,65.0,57.0
0.9,61.0,84,78.0,52.2
8.2,62.0,83,42.0,64.2
1.4,91.0,63,97.0,58.6
2.2,55.0,98,82.0,63.1
7.7,84.0,68,89.0,70.2
3.0,59.0,61,53.0,51.6
2.0,95.0,100,41.0,64.0
10.0,72.0,54,85.0,73.2
2.2,96.0,80,65.0,54.8
9.9,71.0,62,63.0,71.3
9.0,100.0,96,95.0,91.2
5.5,67.0,85,83.0,70.1
0.6,92.0,75,54.0,54.5
6.7,70.0,54,40.0,58.9
2.2,92.0,42,72.0,48.9
8.4,80.0,81,64.0,69.6
0.9,70.0,67,76.0,43.4
1.1,55.0,89,86.0,52.1
6.9,71.0,89,57.0,65.3
7.3,87.0,62,77.0,65.3
2.3,80.0,35,91.0,40.4
2.0,50.0,44,79.0,43.1
6.8,59.0,74,44.0,65.2
4.6,89.0,86,69.0,67.6
5.9,83.0,95,53.0,66.8
2.7,88.0,58,48.0,48.8
4.9,71.0,95,81.0,69.9
9.4,90.0,74,52.0,70.8
3.6,62.0,38,72.0,44.9
2.2,57.0,53,42.0,36.6
0.7,72.0,97,91.0,58.6
4.8,68.0,96,,66.2
5.8,75.0,74,59.0,63.2
3.3,78.0,92,99.0,65.5
2.4,72.0,89,84.0,65.8
0.7,65.0,80,60.0,50.9
7.5,67.0,89,79.0,70.6
8.9,86.0,80,48.0,74.9
1.0,73.0,94,86.0,54.2
5.5,79.0,87,83.0,67.1
8.6,89.0,72,98.0,77.3
7.8,89.0,85,62.0,79.3
3.3,71.0,68,95.0,61.2
3.4,66.0,44,90.0,51.6
9.3,87.0,66,88.0,76.4
3.0,87.0,92,58.0,60.5
3.0,83.0,56,49.0,46.1
1.7,96.0,96,86.0,70.3
5.6,,69,46.0,60.7
9.0,86.0,92,48.0,74.3
7.7,80.0,76,59.0,73.6
6.5,100.0,87,63.0,72.6
7.9,52.0,66,40.0,54.8
3.4,54.0,53,86.0,49.2
1.8,97.0,80,46.0,52.4
4.9,75.0,80,73.0,66.0
3.7,93.0,95,40.0,65.7
9.3,89.0,62,100.0,71.4
2.3,94.0,76,65.0,56.6
5.6,73.0,41,96.0,51.7
4.4,92.0,52,42.0,55.7
2.2,76.0,61,81.0,47.0
7.3,76.0,99,87.0,81.1
8.3,51.0,39,75.0,58.0
7.3,59.0,70,64.0,65.8
8.1,55.0,97,68.0,78.6
9.9,69.0,61,93.0,70.8
8.0,73.0,41,50.0,52.5
4.5,71.0,58,68.0,56.4
7.7,62.0,60,48.0,59.7
0.6,51.0,52,61.0,35.4
8.8,64.0,37,54.0,52.6
7.5,57.0,89,90.0,72.8
8.6,59.0,96,79.0,78.9
9.0,53.0,57,57.0,62.9
9.1,64.0,68,92.0,71.7
7.3,100.0,51,42.0,57.6
9.7,87.0,37,45.0,60.7
8.1,68.0,41,96.0,59.5
4.4,66.0,94,86.0,70.2
6.6,94.0,98,60.0,80.1
8.4,61.0,68,43.0,62.3
8.8,78.0,54,90.0,70.2
8.8,54.0,58,49.0,58.7
7.9,71.0,84,65.0,74.7
5.3,97.0,53,100.0,60.3
5.9,54.0,58,46.0,48.4
5.5,82.0,40,55.0,52.7
8.2,97.0,41,82.0,68.8
8.6,81.0,72,84.0,69.3
1.9,56.0,67,84.0,47.5
9.0,57.0,98,46.0,72.0
4.2,66.0,66,54.0,53.8
8.6,59.0,53,47.0,57.6
8.2,87.0,83,94.0,83.5
0.5,84.0,60,52.0,48.5
9.1,51.0,74,72.0,72.6
9.3,50.0,69,69.0,62.7
6.3,74.0,99,83.0,74.1
2.3,93.0,92,71.0,61.5
4.6,92.0,61,50.0,61.3
2.7,61.0,92,98.0,62.5
9.2,86.0,54,41.0,64.2
1.3,88.0,52,41.0,44.1
1.9,68.0,49,44.0,38.2
4.4,52.0,54,77.0,48.0
4.3,77.0,66,69.0,59.0
2.1,89.0,72,82.0,59.6
1.2,92.0,68,79.0,53.3
1.4,63.0,48,54.0,40.1
3.1,84.0,63,85.0,59.6
2.2,59.0,47,100.0,48.5
3.3,92.0,49,85.0,51.9
4.5,81.0,86,59.0,68.3
5.5,66.0,42,64.0,47.8
8.4,50.0,40,90.0,56.2
9.4,78.0,96,55.0,83.9
9.6,90.0,86,58.0,84.6
7.6,88.0,90,86.0,75.2
6.3,95.0,90,91.0,73.6
3.4,54.0,40,58.0,36.8
9.7,68.0,97,100.0,85.5
7.2,57.0,46,70.0,58.5
4.4,89.0,70,76.0,63.9
7.1,57.0,37,43.0,45.4
7.5,97.0,56,,63.3
7.6,84.0,78,52.0,70.4
3.6,52.0,76,91.0,53.8
2.7,95.0,35,99.0,47.3
8.5,89.0,56,82.0,72.0
4.8,84.0,90,50.0,69.3
8.6,61.0,61,96.0,71.7
8.0,63.0,62,92.0,66.3
3.7,57.0,86,51.0,55.8
3.4,99.0,48,40.0,53.7
8.0,62.0,63,85.0,66.9
5.3,64.0,79,97.0,62.5
1.1,80.0,76,85.0,58.7
4.4,80.0,98,64.0,64.6
7.4,87.0,56,40.0,62.1
8.6,67.0,66,89.0,65.7
9.6,57.0,93,98.0,81.5
4.5,84.0,66,74.0,61.6
7.5,51.0,54,84.0,58.1
4.3,74.0,56,79.0,58.1
3.6,63.0,74,79.0,56.9
3.8,64.0,69,82.0,55.5
7.5,58.0,37,68.0,50.2
4.4,87.0,73,44.0,61.5
0.7,50.0,93,59.0,52.5
7.0,86.0,71,65.0,65.5
6.3,82.0,73,47.0,62.7
5.4,90.0,78,53.0,64.0
1.5,74.0,72,89.0,54.2
0.6,88.0,56,82.0,48.4
3.6,60.0,50,93.0,53.4
9.6,52.0,85,65.0,71.7
8.5,61.0,69,74.0,71.1
2.6,85.0,59,95.0,56.3
6.8,84.0,65,79.0,67.3
7.6,56.0,79,66.0,71.8
9.6,100.0,82,,80.5
3.8,74.0,86,46.0,60.5
6.6,51.0,80,64.0,61.3
2.3,78.0,72,67.0,53.2
9.2,51.0,50,73.0,60.9
0.8,57.0,61,67.0,40.6
3.1,68.0,73,100.0,63.2
0.9,80.0,70,82.0,49.7
4.3,73.0,56,59.0,56.3
1.7,70.0,79,79.0,55.5
9.4,99.0,57,51.0,74.6
3.7,63.0,72,68.0,58.0
9.1,69.0,71,83.0,75.6
4.7,60.0,47,94.0,54.9
0.6,55.0,52,58.0,35.1
7.2,88.0,42,40.0,57.9
9.5,54.0,95,55.0,80.4
4.9,60.0,89,89.0,64.1
6.4,85.0,76,85.0,71.8
6.1,69.0,56,83.0,62.5
1.5,57.0,99,60.0,56.2
1.0,53.0,41,63.0,32.3
3.4,80.0,64,88.0,55.5
3.3,83.0,72,47.0,58.4
6.0,94.0,93,52.0,70.1
0.8,64.0,97,72.0,56.7
2.6,55.0,43,84.0,39.3
6.2,61.0,89,99.0,66.7
2.2,85.0,43,62.0,46.9
0.6,85.0,90,51.0,52.8
4.7,69.0,87,60.0,66.5
2.7,100.0,100,43.0,61.7
4.5,80.0,59,58.0,52.4
5.1,97.0,83,99.0,69.3
1.1,69.0,63,53.0,47.0
2.9,74.0,90,56.0,64.4
6.0,100.0,38,84.0,53.5
3.7,64.0,37,74.0,47.8
3.7,56.0,45,74.0,46.0
3.2,91.0,72,64.0,56.0
3.3,98.0,93,77.0,67.4
4.0,99.0,97,61.0,71.6
1.7,83.0,49,93.0,48.9
7.6,79.0,44,92.0,58.3
6.3,78.0,45,69.0,50.9
3.3,66.0,77,91.0,55.0
4.5,98.0,55,73.0,63.2
2.2,63.0,38,53.0,37.4
5.6,99.0,45,76.0,55.8
5.6,67.0,78,76.0,59.3
6.4,96.0,56,93.0,62.0
3.5,85.0,89,99.0,67.4
4.0,90.0,75,87.0,64.1
4.9,97.0,36,89.0,57.8
4.2,97.0,50,47.0,53.1
2.9,84.0,51,94.0,53.1
8.7,72.0,50,55.0,63.7
5.5,84.0,47,94.0,58.3
1.1,58.0,73,53.0,47.6
3.8,94.0,98,53.0,67.0
1.2,94.0,79,72.0,58.8
3.9,89.0,42,85.0,46.9
8.8,98.0,90,45.0,77.8
2.8,91.0,77,95.0,61.4
5.9,72.0,79,90.0,71.7
4.2,93.0,40,82.0,48.7
5.1,79.0,38,94.0,49.7
6.7,76.0,35,61.0,56.2
4.1,66.0,67,44.0,55.3
9.0,89.0,94,100.0,84.4
8.8,90.0,73,66.0,77.6
1.7,62.0,35,48.0,33.8
5.1,63.0,89,48.0,66.9
6.5,93.0,69,69.0,63.5
3.5,63.0,37,76.0,42.3
4.3,94.0,35,76.0,47.1
3.1,89.0,100,69.0,70.6
3.8,95.0,65,93.0,65.0
4.8,81.0,50,69.0,51.5
4.5,85.0,50,90.0,52.3
3.1,96.0,39,52.0,43.9
5.5,54.0,99,71.0,65.3
3.9,82.0,63,86.0,55.4
4.8,66.0,47,54.0,50.4
1.6,72.0,59,72.0,50.0
2.3,58.0,85,48.0,50.9
9.3,54.0,56,95.0,70.5
7.4,72.0,92,69.0,70.5
0.7,95.0,98,84.0,64.4
2.5,67.0,82,89.0,55.8
6.4,95.0,74,46.0,71.0
3.1,79.0,38,77.0,47.7
4.2,66.0,87,53.0,57.3
8.5,100.0,53,51.0,64.4
6.6,63.0,57,66.0,53.7
0.8,69.0,83,73.0,51.8
5.0,59.0,86,68.0,64.8
1.9,52.0,39,78.0,36.0
8.1,96.0,52,44.0,64.2
6.0,50.0,78,69.0,61.1
5.2,58.0,77,91.0,63.5
2.6,79.0,46,52.0,46.4
2.0,56.0,61,74.0,49.0
5.0,54.0,84,71.0,58.1
2.9,95.0,70,87.0,59.2
5.9,85.0,43,70.0,58.6
4.4,59.0,63,88.0,53.6
1.8,73.0,53,45.0,43.6
2.5,87.0,69,88.0,53.2
6.8,51.0,69,59.0,61.9
8.9,74.0,37,53.0,59.3
3.5,64.0,51,70.0,46.7
3.4,85.0,38,83.0,44.4
3.9,84.0,79,47.0,58.2
6.8,70.0,46,50.0,56.8
7.7,68.0,87,56.0,70.8
9.8,93.0,88,48.0,77.9
0.6,83.0,69,59.0,47.4
4.7,92.0,46,76.0,51.0
8.5,58.0,45,67.0,56.0
7.4,83.0,60,65.0,65.5
2.4,70.0,64,57.0,49.0
9.5,52.0,99,50.0,72.8
3.5,77.0,58,,52.0
2.1,97.0,97,83.0,71.6
9.1,50.0,61,88.0,63.6
5.4,65.0,72,87.0,64.6
1.6,50.0,35,73.0,34.7
1.4,66.0,50,65.0,44.1
8.6,74.0,54,92.0,64.7
4.8,,93,87.0,74.3
8.1,71.0,73,74.0,74.8
8.7,85.0,89,70.0,84.2
0.7,88.0,100,57.0,61.5
1.4,65.0,92,45.0,57.5
1.4,88.0,82,84.0,56.1
9.6,69.0,54,41.0,60.0
0.6,73.0,61,60.0,46.0
4.7,74.0,67,58.0,57.7
4.6,59.0,41,46.0,39.0
7.3,58.0,46,84.0,57.1
5.4,88.0,71,40.0,57.1
5.5,82.0,43,71.0,51.4
2.7,72.0,59,66.0,47.2
10.0,51.0,36,58.0,52.6
5.8,58.0,77,46.0,59.6
6.5,100.0,76,62.0,70.9
4.3,52.0,42,69.0,45.4
4.4,53.0,45,48.0,44.0
0.8,96.0,57,52.0,50.5
9.3,77.0,43,62.0,58.3
9.5,95.0,82,40.0,77.2
2.6,99.0,68,59.0,54.8
6.7,59.0,91,66.0,74.0
8.3,51.0,48,79.0,54.6
7.3,90.0,61,86.0,66.4
3.8,76.0,45,71.0,53.6
3.5,56.0,51,92.0,48.4
9.9,82.0,85,94.0,82.7
9.4,100.0,86,100.0,82.9
9.6,89.0,91,96.0,91.2
8.6,67.0,72,70.0,69.4
1.1,63.0,81,40.0,42.9
5.3,82.0,96,59.0,75.0
3.1,63.0,74,43.0,49.2
4.1,59.0,49,49.0,41.0
2.9,97.0,80,50.0,58.1
9.7,92.0,70,91.0,77.0
1.5,95.0,98,89.0,63.2
4.9,50.0,89,54.0,58.4
3.2,82.0,57,86.0,49.6
4.5,51.0,86,65.0,57.3
1.4,56.0,40,51.0,30.0
2.4,97.0,70,45.0,57.1
1.6,75.0,41,59.0,40.5
8.3,65.0,98,49.0,71.1
4.2,53.0,60,50.0,43.9
4.7,87.0,41,45.0,44.5
2.5,80.0,49,55.0,41.2
6.1,79.0,88,42.0,69.9
4.2,59.0,80,83.0,62.5
7.4,66.0,47,77.0,59.8
8.3,71.0,81,98.0,71.2
4.7,64.0,78,73.0,57.4
2.1,83.0,91,73.0,63.9
6.2,53.0,64,69.0,53.7
5.7,82.0,49,89.0,59.7
9.0,93.0,84,56.0,77.9
5.1,64.0,40,68.0,51.7
9.1,61.0,71,75.0,65.5
8.0,79.0,99,42.0,71.5
3.3,99.0,52,53.0,55.4
8.3,75.0,39,90.0,66.1
5.7,79.0,68,65.0,63.4
7.0,72.0,43,67.0,56.8
9.8,73.0,53,45.0,62.7
9.0,59.0,84,44.0,65.5
4.0,91.0,68,97.0,65.8
7.6,57.0,63,76.0,59.1
1.1,51.0,36,59.0,36.1
8.2,50.0,75,94.0,66.8
1.2,80.0,81,88.0,59.7
3.3,95.0,66,54.0,57.6
2.7,85.0,46,45.0,39.4
7.7,81.0,88,56.0,76.3
8.2,100.0,89,94.0,88.0
3.7,97.0,49,48.0,51.2
5.2,56.0,52,54.0,50.2
1.4,73.0,68,49.0,45.5
6.9,88.0,94,50.0,71.3
8.0,77.0,82,89.0,73.4
0.8,54.0,91,46.0,44.6
4.9,73.0,84,91.0,64.8
6.6,64.0,96,82.0,75.7
3.4,64.0,37,89.0,41.5
8.5,82.0,76,85.0,75.0
5.8,71.0,68,89.0,66.0
1.9,78.0,58,75.0,48.8
4.5,66.0,52,40.0,46.9
1.9,54.0,61,100.0,46.8
4.3,76.0,52,62.0,52.4
7.4,80.0,41,66.0,61.3
5.4,83.0,85,77.0,70.8
7.9,99.0,65,56.0,64.5
9.5,88.0,53,70.0,66.4
9.1,88.0,92,67.0,86.1
7.0,97.0,76,66.0,71.1
8.9,81.0,78,62.0,71.8
7.2,51.0,65,93.0,66.1
5.0,75.0,51,69.0,55.9
2.2,91.0,53,70.0,45.5
8.4,91.0,97,67.0,83.0
2.1,99.0,72,50.0,56.1
3.0,85.0,86,76.0,63.5
1.5,77.0,36,53.0,37.9
9.0,97.0,87,76.0,85.2
9.0,61.0,85,57.0,72.7
0.7,54.0,92,69.0,56.0
8.2,55.0,86,99.0,71.8
3.8,50.0,39,58.0,41.1
4.9,66.0,70,64.0,58.6
4.7,86.0,70,90.0,63.4
0.6,64.0,39,87.0,36.3
2.0,72.0,76,46.0,52.7
1.7,94.0,55,88.0,51.4
9.0,57.0,84,54.0,69.8
5.9,77.0,42,48.0,54.1
6.6,60.0,93,95.0,69.9
2.5,81.0,68,79.0,57.3
7.4,82.0,90,59.0,77.2
4.0,76.0,37,50.0,39.3
1.5,60.0,40,50.0,31.9
8.3,69.0,65,79.0,63.2
0.8,64.0,57,97.0,41.9
2.1,60.0,66,62.0,42.9
6.7,71.0,79,94.0,75.2
2.6,71.0,71,61.0,55.2
8.6,87.0,99,92.0,86.0
2.5,62.0,66,52.0,51.3
9.2,87.0,89,48.0,73.4
7.6,84.0,64,47.0,60.7
3.1,60.0,42,68.0,45.1
9.1,89.0,52,100.0,67.3
4.3,54.0,96,69.0,61.7
9.1,74.0,58,78.0,71.2
2.4,78.0,78,79.0,62.4
4.3,54.0,64,46.0,49.5
9.5,67.0,95,60.0,75.6
4.3,74.0,48,97.0,57.9
4.5,78.0,64,41.0,49.0
8.9,67.0,75,95.0,71.0
1.5,72.0,64,,49.3
2.5,99.0,52,46.0,49.4
8.5,83.0,91,71.0,83.3
4.9,58.0,82,84.0,65.4
1.4,84.0,65,85.0,55.2
7.2,,49,77.0,58.5
7.8,80.0,98,42.0,74.9
2.4,63.0,65,88.0,48.1
3.9,72.0,42,50.0,43.0
9.6,67.0,42,96.0,65.4
3.9,83.0,59,93.0,60.1
7.1,95.0,96,48.0,75.4
3.0,80.0,51,82.0,51.3
2.6,99.0,75,87.0,60.5
5.8,61.0,58,95.0,57.4
3.9,100.0,86,50.0,67.6
5.7,62.0,67,96.0,58.9
2.1,60.0,66,99.0,49.4
6.1,100.0,36,78.0,59.1
7.1,52.0,52,66.0,54.3
3.8,53.0,81,67.0,53.5
6.6,51.0,64,79.0,55.3
2.6,73.0,60,74.0,51.5
4.9,55.0,63,64.0,56.9
0.7,83.0,53,69.0,43.6
4.3,93.0,88,93.0,74.1
1.7,68.0,62,85.0,49.2
5.9,64.0,94,51.0,64.1
4.5,59.0,63,83.0,51.3
8.0,57.0,36,81.0,59.3
1.4,77.0,73,48.0,53.5
3.1,68.0,49,98.0,52.3
6.8,74.0,81,70.0,73.6
4.5,94.0,61,90.0,59.2
0.9,67.0,89,91.0,52.3
5.4,78.0,37,45.0,50.9
2.3,69.0,58,42.0,48.0
3.4,99.0,69,44.0,59.5
4.6,71.0,60,72.0,58.5
7.7,50.0,56,62.0,61.3
2.6,98.0,52,66.0,51.6
2.1,83.0,90,86.0,64.7
9.6,88.0,78,54.0,76.5
5.1,67.0,57,45.0,50.6
6.1,51.0,39,77.0,52.0
6.9,53.0,74,71.0,66.7
3.3,79.0,99,98.0,70.1
4.3,74.0,45,74.0,52.5
3.8,76.0,67,97.0,58.6
4.2,64.0,86,75.0,66.6
4.0,69.0,46,73.0,47.2
0.8,53.0,54,68.0,38.6
1.5,99.0,74,61.0,50.7
5.8,51.0,72,55.0,55.9
3.7,52.0,64,85.0,49.8
5.3,63.0,38,65.0,47.1
8.3,80.0,50,75.0,68.5
4.4,80.0,70,89.0,57.7
5.3,82.0,90,61.0,65.6
8.2,52.0,84,70.0,72.6
7.0,60.0,100,84.0,76.7
9.9,51.0,75,91.0,79.0
6.9,69.0,52,48.0,59.0
6.7,85.0,89,88.0,77.8
7.0,78.0,38,66.0,53.8
1.2,98.0,55,76.0,53.7
5.0,87.0,57,89.0,63.7
10.0,84.0,55,71.0,67.1
9.7,99.0,61,89.0,80.1
9.2,50.0,89,92.0,80.3
6.1,60.0,38,53.0,49.7
6.8,55.0,65,60.0,56.9
0.7,68.0,80,89.0,53.5
9.9,88.0,57,44.0,70.0
0.5,66.0,55,57.0,36.7
3.1,100.0,66,91.0,56.2
6.9,97.0,44,69.0,62.7
8.7,50.0,84,80.0,71.1
6.9,71.0,41,46.0,50.8
6.0,96.0,53,97.0,67.8
2.4,78.0,40,47.0,40.2
4.4,69.0,40,68.0,50.7
5.6,83.0,43,69.0,50.5
9.5,85.0,57,81.0,75.3
5.5,98.0,38,82.0,59.7
6.8,71.0,58,81.0,63.3
4.5,50.0,89,99.0,65.6
9.0,57.0,56,91.0,65.7
0.8,58.0,37,55.0,33.5
8.1,76.0,59,83.0,71.0
3.6,88.0,83,80.0,66.1
5.5,81.0,35,45.0,44.4
6.8,92.0,53,59.0,57.9
6.2,87.0,46,100.0,65.4
2.9,61.0,69,76.0,51.9
1.1,89.0,83,,60.5
3.3,74.0,75,48.0,58.0
3.8,64.0,89,56.0,60.0
4.7,73.0,70,83.0,55.9
7.2,82.0,53,47.0,57.6
5.2,83.0,82,57.0,69.4
2.4,58.0,64,67.0,43.0
7.9,83.0,87,58.0,75.3
5.9,81.0,57,48.0,59.3
5.5,61.0,56,66.0,54.5
4.3,79.0,87,51.0,59.7
6.1,88.0,54,77.0,65.2
5.7,63.0,76,88.0,65.0
5.8,79.0,98,68.0,74.0
0.6,57.0,66,56.0,42.0
8.2,88.0,66,46.0,65.7
9.8,88.0,45,49.0,69.8
9.0,68.0,73,43.0,69.7
4.3,89.0,43,90.0,52.0
0.8,68.0,44,53.0,34.2
6.0,70.0,54,97.0,61.3
6.1,84.0,90,81.0,71.7
7.6,92.0,52,58.0,67.1
6.7,53.0,58,54.0,53.4
5.1,77.0,89,78.0,73.1
5.8,89.0,86,48.0,72.3
7.9,52.0,82,65.0,68.3
6.8,65.0,35,68.0,52.3
4.6,71.0,96,49.0,67.7
9.7,68.0,35,59.0,56.2
1.6,60.0,75,54.0,52.7
6.4,75.0,47,40.0,48.2
2.1,81.0,79,43.0,50.5
6.8,52.0,53,84.0,55.4
6.2,54.0,60,73.0,56.7
3.3,61.0,72,94.0,61.7
5.7,50.0,69,71.0,56.9
4.5,58.0,63,60.0,57.2
7.1,80.0,87,60.0,67.7
5.0,52.0,80,45.0,56.6
8.7,87.0,79,45.0,70.7
0.9,54.0,80,72.0,43.9
7.4,56.0,76,97.0,72.4
6.4,92.0,81,55.0,70.5
6.6,80.0,35,43.0,48.1
8.1,95.0,74,60.0,76.8
0.7,98.0,66,78.0,56.3
1.3,84.0,38,83.0,39.1
7.8,97.0,40,55.0,60.0
4.3,67.0,37,82.0,46.3
3.6,88.0,78,45.0,63.3
7.2,63.0,61,86.0,60.5
1.0,62.0,94,59.0,51.6
9.1,98.0,90,71.0,78.6
5.1,52.0,56,42.0,53.1
6.3,84.0,71,95.0,66.2
9.1,74.0,83,46.0,69.3
5.8,71.0,55,91.0,58.2
6.1,75.0,39,58.0,56.1
2.0,,75,54.0,48.5
5.0,67.0,81,85.0,62.4
8.0,84.0,52,98.0,68.9
1.1,74.0,44,92.0,44.0
3.1,100.0,97,91.0,70.4
2.2,70.0,83,99.0,54.7
7.6,54.0,73,41.0,57.8
4.8,63.0,84,73.0,62.0
4.2,52.0,85,65.0,56.1
1.7,,46,81.0,46.9
5.7,57.0,36,95.0,47.4
2.1,97.0,65,80.0,51.0
3.0,60.0,60,89.0,55.3
7.1,73.0,64,94.0,62.8
4.2,53.0,90,42.0,54.2
8.2,81.0,72,82.0,70.8
6.1,58.0,40,60.0,46.6
7.1,71.0,63,72.0,59.3
1.6,85.0,84,62.0,57.9
8.5,68.0,77,65.0,75.6
8.0,73.0,54,47.0,60.0
4.4,50.0,65,91.0,54.1
3.4,77.0,38,68.0,39.9
7.7,75.0,37,48.0,50.7
5.3,51.0,44,63.0,51.5
2.7,96.0,46,67.0,49.0
3.8,78.0,42,63.0,43.2
2.8,70.0,74,68.0,55.2
3.0,97.0,81,53.0,56.5
9.9,79.0,41,60.0,65.7
1.3,91.0,85,67.0,62.5
4.3,63.0,89,61.0,60.7
8.9,95.0,98,56.0,84.3
9.6,73.0,94,43.0,80.8
7.1,80.0,46,74.0,56.9
1.5,61.0,55,41.0,40.4
2.3,59.0,96,53.0,59.9
8.7,68.0,68,42.0,62.3
2.8,60.0,85,99.0,63.3
8.7,91.0,58,56.0,64.4
9.4,60.0,63,86.0,69.8
1.8,93.0,58,41.0,47.8
1.1,89.0,59,54.0,48.8
1.8,69.0,98,82.0,57.3
6.3,93.0,96,61.0,78.5
3.1,71.0,51,97.0,49.8
4.6,94.0,43,52.0,51.6
7.3,75.0,71,55.0,62.5
4.6,90.0,54,98.0,56.0
2.4,54.0,88,96.0,61.0
4.3,69.0,96,41.0,67.2
3.9,65.0,83,91.0,57.9
5.3,69.0,52,80.0,52.9
5.0,95.0,73,86.0,62.5
6.9,77.0,95,90.0,79.8
4.5,73.0,35,93.0,53.4
0.9,95.0,86,52.0,59.0
8.5,75.0,68,100.0,72.2
3.0,88.0,97,81.0,68.8
9.8,94.0,97,87.0,89.5
10.0,100.0,44,56.0,69.1
6.1,89.0,75,92.0,68.5
8.1,63.0,53,92.0,62.8
1.7,97.0,63,77.0,51.1
2.0,85.0,44,82.0,49.8
5.8,71.0,64,56.0,53.3
4.8,97.0,55,48.0,60.0
7.2,69.0,98,59.0,70.7
3.7,95.0,94,87.0,70.8
7.9,83.0,53,98.0,72.0
5.7,80.0,42,61.0,54.0
4.2,53.0,84,84.0,56.6
2.9,91.0,82,65.0,59.1
5.6,67.0,85,41.0,64.9
4.7,67.0,84,52.0,64.7
8.6,78.0,54,52.0,62.2
1.1,59.0,88,45.0,48.7
3.6,70.0,92,83.0,64.9
6.8,83.0,86,60.0,69.6
3.8,61.0,67,,52.8
5.5,71.0,88,91.0,70.2
3.9,76.0,83,62.0,58.6
2.9,69.0,68,44.0,52.3
3.3,59.0,60,52.0,47.4
0.7,99.0,64,93.0,51.5
1.1,51.0,66,66.0,40.2
9.4,59.0,62,72.0,68.7
7.1,96.0,41,74.0,61.5
6.3,67.0,43,53.0,48.8
4.6,54.0,95,78.0,65.1
6.0,81.0,52,93.0,58.5
1.5,73.0,84,79.0,53.9
0.9,63.0,80,88.0,55.1
9.9,50.0,76,71.0,73.2
6.9,71.0,40,48.0,53.4
6.4,67.0,53,81.0,62.0
9.7,72.0,52,61.0,65.8
5.0,69.0,54,42.0,47.6
4.9,68.0,90,69.0,64.4
6.7,54.0,100,97.0,74.4
5.5,60.0,60,40.0,52.0
6.3,100.0,85,84.0,75.6
4.5,65.0,63,50.0,57.1
3.9,85.0,83,85.0,66.7
8.5,68.0,61,46.0,66.4
4.1,61.0,62,82.0,58.7
1.4,83.0,46,69.0,43.6
8.9,73.0,78,76.0,72.6
0.7,76.0,54,55.0,37.5
5.0,78.0,99,100.0,75.5
2.7,93.0,42,42.0,46.1
3.5,67.0,92,43.0,60.9
9.9,87.0,76,85.0,77.8
5.2,70.0,60,77.0,57.6
5.7,89.0,40,93.0,56.7
3.9,54.0,76,71.0,56.8
5.3,88.0,84,50.0,65.1
5.7,78.0,87,53.0,67.1
7.0,75.0,45,49.0,52.1
1.6,90.0,38,80.0,47.1
8.2,56.0,54,99.0,64.5
4.2,91.0,47,72.0,55.9
8.4,50.0,86,64.0,72.5
8.8,53.0,93,77.0,72.3
5.8,74.0,64,54.0,56.2
8.6,92.0,73,78.0,79.6
3.5,76.0,97,60.0,64.2
7.9,64.0,59,61.0,60.2
4.7,97.0,47,89.0,54.5
2.6,70.0,77,61.0,55.5
4.7,52.0,80,48.0,57.7
6.9,97.0,63,73.0,65.3
3.5,82.0,61,46.0,56.1
5.1,53.0,48,88.0,47.7
3.6,53.0,60,65.0,48.8
7.6,99.0,44,87.0,60.3
4.8,78.0,41,95.0,57.1
8.1,90.0,69,62.0,69.7
5.0,68.0,38,98.0,53.9
7.4,77.0,73,92.0,66.4
6.3,80.0,62,88.0,64.3
3.9,81.0,81,68.0,64.1
6.9,92.0,91,54.0,70.3
7.6,95.0,39,48.0,58.4
9.3,92.0,73,81.0,74.5
3.4,74.0,82,44.0,57.3
2.9,77.0,84,41.0,60.8
8.0,80.0,67,64.0,64.7
5.9,84.0,71,81.0,62.0
9.4,89.0,49,,63.2
2.0,60.0,44,72.0,42.1
6.6,68.0,47,54.0,56.5
5.1,94.0,42,85.0,57.0
5.1,78.0,71,41.0,60.4
8.7,84.0,86,58.0,78.2
7.8,51.0,54,67.0,62.6
7.6,86.0,84,85.0,79.6
4.4,78.0,93,47.0,65.5
4.6,54.0,35,48.0,45.6
3.1,52.0,52,90.0,50.5
9.8,67.0,40,44.0,62.8
4.5,64.0,88,71.0,62.0
8.7,89.0,44,60.0,59.5
1.6,68.0,38,79.0,36.1
1.1,69.0,85,98.0,55.6
8.2,53.0,49,75.0,57.5
2.6,86.0,80,87.0,65.2
3.7,87.0,55,80.0,51.7
8.9,55.0,73,78.0,65.2
8.0,85.0,76,40.0,73.8
1.1,96.0,61,93.0,57.2
9.3,66.0,86,70.0,72.8
5.9,69.0,95,88.0,70.2
3.9,74.0,45,63.0,49.4
1.9,55.0,49,56.0,41.1
4.9,70.0,62,44.0,49.6
6.0,68.0,66,68.0,60.3
2.3,94.0,82,72.0,56.2
5.1,65.0,45,59.0,45.9
1.1,64.0,90,70.0,54.8
8.1,81.0,44,75.0,61.2
6.5,70.0,89,59.0,65.3
4.4,85.0,35,49.0,49.4
2.8,96.0,44,63.0,52.5
0.6,52.0,41,51.0,28.5
8.8,91.0,77,98.0,81.7
1.8,68.0,47,46.0,37.1
5.1,56.0,75,44.0,53.5
0.7,75.0,89,97.0,55.7
1.7,58.0,70,42.0,40.1
6.1,61.0,57,43.0,51.9
9.6,97.0,40,94.0,65.4
3.4,64.0,47,52.0,41.0
4.1,57.0,62,50.0,46.9
8.7,93.0,71,61.0,69.5
3.3,69.0,91,67.0,64.5
4.6,62.0,69,51.0,56.8
3.9,77.0,93,80.0,68.6
2.8,92.0,81,51.0,60.1
8.4,55.0,77,84.0,67.2
4.0,71.0,43,57.0,45.7
4.0,65.0,100,43.0,64.3
3.0,100.0,82,54.0,59.1
2.0,78.0,69,99.0,58.3
2.7,63.0,87,48.0,57.7
8.9,97.0,66,49.0,69.3
9.9,81.0,54,59.0,64.3
4.8,91.0,88,100.0,69.6
3.6,63.0,71,66.0,54.7
6.9,51.0,87,90.0,65.8
5.9,87.0,65,79.0,65.5
6.7,76.0,47,62.0,59.9
1.5,100.0,100,81.0,63.9
0.7,63.0,95,48.0,51.1
8.4,50.0,47,57.0,56.2
5.8,95.0,37,75.0,59.3
2.5,58.0,50,58.0,40.9
7.9,78.0,85,51.0,70.3
6.0,90.0,56,64.0,63.7
2.4,62.0,48,69.0,39.3
6.1,69.0,36,53.0,47.4
6.8,92.0,49,51.0,60.3
3.3,79.0,46,79.0,48.1
7.0,85.0,63,53.0,61.6
9.6,56.0,56,62.0,66.9
7.9,65.0,69,86.0,69.1
2.7,67.0,69,53.0,49.9
6.7,63.0,70,74.0,66.4
5.7,94.0,68,45.0,64.4
5.2,63.0,39,44.0,49.8
4.3,68.0,45,89.0,46.0
9.3,52.0,54,73.0,63.7
9.3,75.0,39,87.0,68.3
2.8,59.0,50,94.0,49.9
9.4,69.0,68,96.0,70.6
1.2,53.0,96,76.0,60.5
9.3,56.0,61,98.0,69.7
5.1,94.0,46,90.0,58.1
7.2,87.0,74,99.0,77.1
9.1,92.0,35,50.0,65.0
1.3,55.0,50,48.0,40.2
3.5,81.0,44,89.0,54.8
8.6,73.0,97,64.0,76.8
2.8,100.0,45,42.0,50.8
1.6,74.0,50,90.0,46.9
1.9,72.0,71,96.0,50.1
3.7,71.0,41,66.0,46.4
4.2,76.0,67,92.0,58.4
7.7,81.0,74,97.0,69.4
5.1,54.0,94,77.0,66.6
5.5,72.0,89,64.0,68.2
6.2,53.0,38,63.0,43.8
3.7,78.0,79,100.0,65.7
7.9,68.0,53,94.0,69.1
4.8,74.0,86,48.0,65.2
3.0,50.0,95,41.0,57.2
6.7,67.0,49,93.0,56.4
6.7,76.0,58,56.0,54.9
8.2,50.0,35,80.0,58.6
1.1,67.0,47,71.0,36.5
2.1,82.0,49,47.0,41.9
2.7,85.0,53,51.0,44.3
3.1,70.0,54,73.0,45.9
3.3,50.0,69,45.0,43.2
6.3,57.0,64,63.0,61.8
2.8,92.0,38,92.0,52.3
9.7,78.0,53,50.0,68.4
8.3,100.0,90,58.0,75.9
9.6,85.0,40,78.0,68.1
9.3,51.0,44,41.0,59.5
8.7,71.0,66,59.0,63.1
8.0,82.0,47,99.0,67.0
8.1,68.0,51,75.0,57.1
5.8,89.0,63,41.0,58.1
9.2,91.0,38,83.0,70.4
1.6,59.0,47,54.0,41.3
4.7,65.0,86,78.0,65.1
3.6,72.0,98,90.0,66.9
0.7,98.0,70,51.0,51.0
6.2,77.0,41,84.0,53.6
8.1,77.0,36,64.0,52.5
4.9,64.0,92,88.0,65.7
4.3,59.0,91,66.0,58.4
1.2,87.0,42,48.0,38.1
2.3,96.0,86,79.0,64.4
3.3,69.0,93,89.0,68.3
8.1,50.0,71,83.0,63.3
2.2,69.0,100,40.0,61.0
1.7,57.0,77,61.0,46.8
3.6,71.0,75,69.0,55.2
4.1,81.0,83,40.0,56.5
2.8,98.0,62,54.0,55.2
6.2,72.0,58,99.0,59.7
9.3,58.0,84,54.0,67.8
6.2,75.0,58,97.0,66.6
2.0,81.0,72,100.0,53.9
3.4,76.0,94,74.0,69.3
7.0,87.0,57,97.0,65.9
9.9,50.0,85,54.0,77.8
9.7,57.0,64,77.0,65.6
9.4,72.0,35,51.0,54.2
1.0,86.0,65,81.0,48.2
6.2,55.0,42,40.0,42.3
6.7,77.0,47,64.0,53.2
7.3,67.0,98,44.0,72.2
3.4,96.0,92,77.0,73.2
0.5,100.0,79,86.0,60.4
1.3,74.0,94,69.0,62.3
3.6,68.0,91,86.0,62.4
7.5,89.0,72,100.0,76.8
9.2,55.0,92,71.0,75.7
1.1,61.0,95,81.0,61.0
7.9,60.0,46,92.0,62.1
4.4,54.0,42,49.0,38.9
5.0,85.0,91,41.0,64.9
2.4,65.0,52,49.0,39.5
6.1,54.0,52,64.0,55.9
5.4,76.0,63,98.0,62.6
6.3,62.0,37,42.0,42.1
3.7,65.0,54,95.0,49.8
3.0,72.0,99,94.0,66.1
5.0,84.0,68,46.0,58.3
5.2,71.0,44,96.0,59.1
1.8,56.0,47,89.0,40.0
8.1,60.0,89,65.0,70.4
8.8,73.0,43,91.0,60.2
9.5,64.0,66,71.0,74.2
9.3,74.0,95,66.0,78.1
4.5,60.0,70,92.0,62.0
1.6,69.0,87,,53.3
1.7,86.0,88,60.0,57.1
1.9,93.0,41,95.0,47.0
4.5,81.0,57,78.0,60.9
6.3,87.0,62,56.0,63.6
1.7,57.0,73,67.0,52.3
2.3,100.0,60,58.0,56.3
7.1,94.0,35,58.0,60.1
4.9,58.0,82,47.0,62.1
4.9,63.0,64,81.0,58.3
5.8,59.0,66,52.0,55.6
1.0,86.0,69,60.0,45.3
7.8,78.0,36,65.0,53.3
8.6,100.0,89,52.0,74.5
8.0,59.0,38,92.0,61.9
6.9,68.0,99,98.0,75.7
9.7,84.0,61,53.0,74.9
6.9,74.0,37,100.0,60.5
5.6,75.0,98,86.0,76.2
0.6,71.0,67,78.0,51.4
6.2,51.0,82,98.0,66.2
1.6,62.0,53,56.0,42.1
5.9,63.0,82,43.0,65.0
1.2,71.0,72,65.0,45.2
7.3,95.0,42,74.0,64.9
5.3,90.0,39,58.0,49.2
3.1,54.0,79,65.0,52.7
2.5,71.0,59,73.0,50.5
2.6,69.0,93,60.0,58.0
6.6,56.0,86,73.0,71.7
5.1,78.0,68,42.0,53.1
8.9,100.0,48,65.0,71.5
7.2,80.0,48,67.0,55.3
4.5,83.0,89,47.0,60.2
4.2,72.0,60,82.0,52.6
0.9,70.0,38,61.0,40.4
2.9,91.0,43,77.0,47.3
5.7,65.0,81,100.0,65.4
7.8,82.0,55,58.0,59.4
4.9,99.0,96,61.0,73.1
8.2,,89,75.0,76.8
8.8,62.0,35,49.0,56.8
8.3,61.0,96,88.0,77.2
2.6,70.0,43,80.0,43.2
3.5,83.0,82,100.0,63.4
8.1,79.0,59,100.0,73.7
5.0,96.0,36,80.0,53.0
7.3,60.0,96,90.0,75.4
7.7,57.0,99,58.0,69.8
6.7,74.0,60,40.0,60.7
1.3,54.0,41,92.0,35.2
3.3,68.0,97,53.0,65.7
6.8,94.0,92,70.0,72.5
7.3,77.0,50,83.0,62.6
4.0,89.0,90,62.0,68.9
3.3,88.0,83,73.0,66.4
0.7,89.0,81,49.0,48.8
1.8,93.0,83,83.0,62.9
2.4,94.0,58,48.0,53.1
2.8,89.0,36,69.0,40.0
2.8,53.0,49,61.0,41.8
9.1,71.0,39,87.0,64.4
8.4,59.0,88,40.0,65.0
5.8,95.0,61,82.0,62.1
4.8,85.0,61,54.0,54.8
3.9,55.0,58,46.0,44.5
8.3,74.0,66,97.0,73.4
4.2,68.0,65,91.0,54.2
10.0,81.0,52,92.0,73.4
5.4,69.0,85,74.0,64.5
2.1,96.0,98,,63.6
7.0,97.0,53,41.0,61.0
6.8,74.0,37,60.0,48.4
3.2,59.0,98,96.0,61.5
1.0,91.0,60,55.0,45.0
2.6,88.0,60,91.0,50.2
0.9,53.0,65,44.0,40.6
8.2,69.0,40,51.0,55.8
7.1,67.0,43,61.0,54.7
6.4,53.0,64,43.0,59.3
4.5,55.0,66,89.0,55.5
0.7,100.0,45,48.0,46.3
1.1,98.0,73,89.0,56.5
4.9,50.0,79,98.0,64.3
10.0,52.0,79,83.0,75.5
2.8,89.0,90,71.0,68.2
3.3,58.0,47,75.0,46.0
6.8,88.0,64,70.0,70.7
0.8,96.0,48,65.0,47.2
1.4,81.0,96,65.0,63.6
8.2,63.0,87,99.0,74.0
6.8,51.0,46,86.0,56.2
2.0,75.0,57,77.0,44.9
5.4,94.0,100,40.0,72.5
4.3,75.0,76,50.0,55.0
9.0,84.0,35,69.0,58.8
5.9,56.0,52,60.0,50.4
4.6,88.0,98,64.0,68.7
5.8,97.0,38,60.0,49.5
9.4,57.0,91,46.0,77.9
5.7,62.0,43,92.0,49.6
8.7,72.0,46,74.0,62.6
9.8,83.0,89,42.0,74.1
0.5,88.0,58,56.0,42.0
9.5,85.0,97,62.0,84.7
6.6,99.0,53,77.0,61.1
1.9,90.0,36,44.0,40.8
5.2,60.0,37,65.0,47.7
2.2,64.0,59,66.0,47.3
0.6,60.0,40,40.0,34.1
9.4,66.0,57,97.0,68.6
7.2,86.0,92,63.0,72.8
3.2,51.0,76,71.0,57.1
7.7,69.0,85,100.0,77.4
6.9,81.0,67,43.0,64.7
2.5,91.0,73,56.0,60.0
1.1,74.0,89,97.0,59.7
3.9,82.0,60,82.0,59.0
3.3,97.0,64,82.0,63.3
4.6,60.0,88,93.0,65.6
3.3,70.0,65,49.0,45.8
4.0,80.0,35,99.0,49.8
7.8,91.0,87,89.0,82.4
6.7,69.0,66,95.0,70.4
3.7,84.0,39,62.0,41.8
8.1,73.0,39,78.0,55.6
7.5,50.0,41,69.0,49.6
6.2,62.0,40,84.0,52.3
9.1,87.0,75,57.0,75.6
9.7,50.0,65,75.0,72.2
5.8,72.0,49,62.0,49.2
0.5,71.0,37,82.0,33.8
3.8,54.0,52,98.0,50.0
6.9,64.0,63,88.0,63.4
2.3,96.0,47,47.0,42.2
3.1,60.0,86,62.0,53.9
5.7,93.0,83,97.0,70.2
1.0,73.0,98,54.0,57.0
3.8,71.0,45,56.0,47.2
6.2,90.0,45,77.0,55.9
9.1,69.0,79,93.0,75.3
4.8,52.0,88,48.0,59.1
4.8,65.0,91,56.0,62.6
1.3,70.0,95,63.0,61.7
7.6,98.0,89,56.0,80.6
5.4,83.0,50,72.0,61.0
0.6,89.0,42,67.0,41.2
2.8,100.0,65,99.0,61.7
7.6,53.0,74,61.0,59.4
6.1,59.0,51,98.0,59.1
6.9,56.0,57,100.0,64.0
7.9,85.0,39,59.0,58.2
3.3,59.0,42,49.0,39.1
4.0,93.0,53,75.0,52.2
2.9,80.0,81,89.0,60.3
6.3,57.0,77,58.0,62.7
2.3,55.0,60,81.0,45.1
2.6,100.0,45,96.0,47.9
9.8,80.0,96,47.0,82.9
1.9,87.0,49,100.0,51.9
9.1,71.0,43,98.0,64.6
8.5,59.0,45,87.0,56.1
6.4,60.0,47,77.0,54.9
8.0,78.0,62,83.0,67.7
0.8,58.0,100,,57.2
3.8,88.0,45,63.0,53.4
1.0,61.0,35,48.0,34.6
2.8,81.0,39,96.0,44.7
8.9,60.0,75,72.0,69.6
6.7,53.0,69,40.0,58.3
4.4,94.0,93,83.0,70.2
7.4,65.0,89,74.0,72.5
8.4,92.0,51,68.0,62.8
1.5,65.0,70,64.0,43.7
0.5,65.0,56,63.0,43.2
7.5,93.0,44,96.0,67.2
7.9,76.0,63,66.0,69.2
6.8,55.0,96,55.0,71.5
5.3,95.0,74,81.0,67.4
0.7,58.0,45,56.0,36.9
5.0,50.0,93,47.0,60.5
8.0,100.0,76,46.0,69.3
1.3,57.0,45,79.0,36.8
9.4,76.0,95,49.0,80.3
1.6,61.0,93,67.0,56.0
7.0,57.0,99,72.0,72.3
6.1,75.0,48,48.0,55.6
7.9,84.0,63,100.0,66.5
1.4,84.0,96,87.0,60.9
1.8,93.0,71,82.0,55.3
4.2,,57,71.0,52.8
9.5,57.0,44,91.0,62.8
2.2,92.0,48,63.0,43.9
4.3,84.0,88,53.0,68.2
8.5,74.0,75,64.0,71.4
9.1,51.0,62,64.0,64.6
0.8,84.0,63,71.0,49.8
7.4,94.0,45,88.0,62.4
1.9,95.0,49,82.0,50.8
3.6,64.0,70,44.0,46.8
9.4,59.0,47,45.0,59.2
3.2,57.0,59,41.0,40.7
7.8,75.0,41,94.0,64.2
6.3,100.0,67,93.0,71.0
4.8,88.0,42,60.0,47.8
1.7,67.0,87,90.0,56.4
1.4,89.0,48,,52.7
2.5,93.0,75,66.0,61.5
8.4,60.0,94,63.0,78.1
8.7,76.0,48,66.0,63.7
9.2,82.0,44,45.0,62.1
7.1,87.0,41,65.0,58.0
1.6,63.0,36,71.0,32.7
8.1,94.0,56,47.0,63.7
4.5,57.0,65,44.0,50.6
6.0,98.0,40,59.0,57.4
6.9,88.0,80,87.0,71.6
2.6,94.0,88,97.0,71.3
9.2,85.0,50,49.0,64.3
6.2,59.0,53,98.0,56.5
4.7,67.0,43,93.0,52.4
8.9,54.0,67,93.0,69.2
9.4,95.0,58,85.0,70.8
5.6,64.0,68,62.0,56.0
5.8,70.0,64,46.0,54.9
2.8,99.0,95,78.0,67.3
9.6,52.0,89,84.0,79.1
5.6,58.0,70,98.0,64.7
6.3,61.0,48,69.0,53.5
6.7,98.0,46,66.0,59.4
2.6,89.0,95,52.0,67.1
1.8,80.0,63,85.0,49.6
3.4,91.0,56,81.0,51.9
7.0,83.0,64,91.0,71.0
2.3,65.0,90,60.0,54.9
1.4,100.0,74,58.0,52.5
8.8,67.0,54,82.0,70.3
2.8,98.0,82,40.0,61.0
7.2,55.0,50,82.0,59.8
3.7,67.0,36,79.0,47.5
3.8,89.0,43,97.0,50.3
6.5,69.0,76,45.0,64.5
8.3,74.0,44,82.0,65.8
2.4,74.0,75,79.0,53.4
2.2,90.0,57,55.0,48.7
6.8,77.0,57,89.0,60.2
4.1,86.0,67,45.0,59.2
7.7,88.0,37,93.0,62.7
1.7,91.0,54,58.0,42.0
7.6,67.0,87,52.0,67.0
6.2,65.0,67,53.0,58.6
5.5,77.0,67,86.0,58.4
8.2,61.0,71,55.0,67.7
9.5,85.0,77,61.0,71.4
8.4,86.0,79,50.0,77.4
9.4,89.0,82,78.0,78.1
6.5,50.0,66,76.0,58.7
4.5,70.0,61,60.0,54.8
3.6,,93,47.0,63.2
7.7,87.0,78,57.0,67.7
9.4,68.0,86,82.0,77.3
6.1,89.0,68,69.0,60.3
8.6,91.0,37,95.0,68.4
1.3,66.0,91,98.0,55.0
8.1,66.0,92,46.0,70.6
4.6,70.0,35,81.0,45.8
9.5,93.0,47,64.0,67.4
7.4,61.0,61,58.0,62.0
8.9,77.0,76,41.0,74.1
7.7,51.0,77,90.0,67.6
9.5,81.0,78,59.0,71.0
3.0,61.0,90,44.0,55.9
9.0,78.0,50,59.0,68.4
9.8,93.0,65,74.0,74.0
7.6,98.0,83,95.0,82.7
6.5,98.0,66,73.0,69.2
4.4,85.0,41,82.0,50.7
0.7,55.0,37,89.0,31.3
6.0,88.0,77,45.0,69.7
7.7,91.0,99,95.0,82.7
5.2,72.0,83,88.0,66.9
4.4,53.0,59,87.0,52.2
2.5,88.0,68,65.0,54.5
7.3,64.0,48,74.0,53.4
4.0,93.0,88,45.0,63.9
4.8,64.0,50,96.0,53.4
4.9,77.0,57,83.0,56.6
4.2,84.0,75,84.0,58.6
9.2,88.0,97,92.0,86.5
8.7,89.0,69,83.0,72.4
5.3,71.0,52,77.0,53.6
8.0,51.0,65,70.0,61.6
0.7,59.0,37,95.0,36.7
6.2,72.0,60,59.0,54.3
2.5,99.0,61,43.0,52.5
7.3,86.0,70,87.0,66.2
7.4,59.0,65,87.0,62.4
9.8,71.0,89,63.0,76.4
8.7,58.0,87,67.0,78.1
6.9,50.0,39,56.0,48.4
1.2,53.0,66,92.0,45.1
8.3,54.0,45,78.0,60.0
7.5,70.0,45,45.0,55.2
2.5,78.0,70,65.0,52.6
4.8,55.0,100,81.0,70.7
0.5,96.0,94,86.0,62.7
7.9,74.0,53,85.0,65.3
4.0,71.0,82,41.0,57.9
2.1,64.0,64,40.0,46.9
4.5,68.0,37,60.0,42.8
5.6,61.0,54,44.0,48.4
1.3,74.0,83,42.0,49.1
2.5,87.0,46,56.0,45.0
3.0,69.0,73,92.0,53.7
3.2,51.0,56,98.0,51.7
2.6,72.0,45,74.0,49.0
4.4,69.0,98,70.0,65.5
9.2,54.0,99,83.0,77.0
2.4,76.0,75,74.0,58.7
9.4,99.0,81,80.0,78.8
3.6,89.0,42,91.0,52.5
8.0,54.0,56,75.0,65.5
8.5,57.0,83,69.0,69.8
2.5,56.0,63,59.0,46.5
9.0,98.0,40,86.0,62.7
8.3,74.0,59,56.0,60.2
3.5,60.0,48,84.0,48.6
8.5,98.0,41,93.0,67.8
5.4,59.0,95,97.0,67.6
7.4,55.0,60,55.0,54.1
2.4,53.0,43,60.0,35.7
3.3,78.0,91,74.0,59.9
6.4,97.0,87,63.0,74.5
3.5,76.0,90,55.0,64.1
3.4,100.0,58,78.0,58.1
8.6,88.0,69,61.0,67.9
9.4,96.0,48,41.0,64.5
4.1,91.0,83,84.0,68.1
8.9,94.0,51,50.0,67.3
4.3,59.0,88,92.0,64.5
6.5,81.0,80,99.0,74.0
8.4,86.0,83,49.0,69.2
5.9,95.0,46,87.0,55.2
6.8,90.0,80,71.0,68.1
1.0,62.0,55,49.0,34.4
9.2,67.0,78,79.0,74.5
5.8,57.0,53,79.0,53.0
7.3,52.0,77,83.0,71.7
0.7,59.0,86,41.0,50.7
2.1,61.0,68,40.0,44.6
5.0,78.0,86,84.0,73.0
6.0,66.0,45,80.0,54.1
4.6,94.0,68,53.0,55.3
8.5,77.0,52,54.0,62.5
5.3,96.0,83,62.0,67.9
6.4,65.0,44,53.0,50.3
1.7,58.0,37,96.0,35.6
2.3,74.0,36,99.0,42.0
7.7,55.0,36,53.0,50.5
7.3,66.0,76,86.0,66.7
3.3,54.0,50,56.0,42.8
3.9,69.0,91,48.0,61.6
9.6,76.0,95,53.0,81.6
2.6,92.0,85,71.0,57.2
7.7,75.0,87,93.0,79.7
6.1,60.0,82,89.0,68.9
8.8,60.0,56,,65.6
5.5,59.0,66,63.0,53.8
3.8,84.0,73,83.0,65.7
6.6,82.0,37,79.0,60.2
2.6,67.0,70,76.0,51.2
1.3,72.0,60,45.0,47.4
8.0,71.0,55,99.0,66.3
7.2,67.0,46,83.0,53.9
4.2,60.0,89,68.0,60.1
1.6,89.0,98,67.0,60.4
3.9,70.0,44,89.0,48.2
1.6,75.0,91,73.0,59.6
9.2,53.0,61,62.0,66.5
1.5,100.0,59,93.0,49.4
5.0,90.0,54,51.0,59.4
7.7,100.0,62,59.0,71.1
4.4,53.0,67,67.0,54.9
6.5,82.0,39,57.0,48.5
5.8,54.0,77,95.0,61.5
8.9,75.0,86,87.0,78.8
3.1,51.0,79,55.0,53.0
9.0,81.0,69,99.0,78.3
1.8,58.0,41,80.0,37.8
8.6,69.0,43,46.0,58.1
9.8,76.0,91,87.0,84.7
4.0,52.0,56,45.0,49.4
7.4,100.0,62,75.0,66.9
3.7,70.0,52,45.0,50.7
2.6,88.0,82,65.0,59.4
4.3,78.0,37,93.0,50.0
9.0,94.0,47,78.0,68.0
1.2,86.0,70,59.0,46.4
3.7,93.0,47,67.0,55.8
7.7,98.0,66,73.0,73.9
3.1,78.0,90,62.0,60.5
5.1,73.0,76,59.0,63.4
2.5,69.0,63,89.0,51.5
3.7,76.0,57,,52.4
7.8,53.0,97,65.0,77.6
1.6,63.0,81,77.0,53.0
1.0,57.0,77,81.0,47.3
3.2,66.0,65,82.0,49.1
5.6,58.0,57,62.0,57.9
4.3,56.0,63,61.0,49.2
3.4,75.0,77,96.0,63.0
3.5,65.0,53,74.0,47.6
8.4,93.0,79,71.0,78.9
9.3,56.0,87,65.0,69.8
7.8,66.0,50,89.0,58.8
7.5,100.0,73,68.0,67.7
4.3,87.0,91,80.0,71.3
6.9,81.0,66,58.0,60.2
3.7,52.0,62,71.0,54.3
0.9,79.0,38,52.0,37.4
4.9,89.0,38,82.0,56.3
0.8,74.0,93,76.0,60.1
5.7,94.0,57,100.0,65.1
9.1,59.0,49,87.0,66.7
6.8,99.0,89,68.0,75.2
8.0,81.0,65,63.0,71.1
6.1,52.0,97,43.0,65.1
3.1,55.0,62,54.0,49.8
6.3,54.0,69,52.0,53.2
2.1,90.0,74,79.0,54.7
2.6,80.0,87,68.0,63.0
3.0,51.0,60,85.0,51.5
6.8,79.0,64,91.0,65.2
5.8,59.0,84,92.0,62.6
2.2,92.0,88,55.0,64.1
3.0,99.0,43,49.0,51.0
4.6,87.0,48,45.0,53.8
8.1,60.0,44,56.0,56.9
8.1,55.0,48,77.0,58.5
9.8,71.0,74,65.0,78.7
3.0,90.0,69,64.0,60.6
7.0,70.0,70,58.0,67.9
7.8,84.0,78,45.0,66.8
9.7,93.0,78,49.0,72.7
5.6,94.0,62,68.0,65.8
7.9,84.0,70,95.0,73.1
1.8,51.0,44,56.0,38.0
3.0,53.0,47,47.0,36.9
4.2,62.0,35,72.0,43.6
5.0,80.0,40,86.0,53.5
5.1,56.0,65,89.0,57.4
0.5,76.0,96,84.0,62.1
1.4,59.0,40,58.0,36.0
1.0,69.0,48,72.0,39.6
8.9,92.0,55,64.0,71.9
2.9,77.0,94,59.0,58.1
3.6,93.0,64,78.0,60.4
8.1,86.0,39,76.0,63.1
2.7,58.0,78,92.0,58.0
4.8,53.0,50,75.0,45.2
1.4,75.0,53,77.0,44.1
2.2,71.0,66,44.0,48.3
1.8,71.0,56,65.0,48.2
5.9,98.0,38,75.0,58.5
5.4,59.0,64,52.0,57.1
5.3,,59,83.0,61.3
3.9,65.0,76,94.0,56.3
4.1,63.0,79,47.0,51.4
0.9,98.0,46,49.0,46.2
3.6,82.0,96,76.0,68.3
7.7,88.0,93,46.0,75.4
7.1,62.0,39,62.0,51.2
5.9,,51,56.0,54.9
1.4,75.0,67,74.0,52.8
6.1,63.0,65,68.0,58.2
4.8,75.0,93,69.0,71.4
4.2,64.0,74,60.0,60.8
6.1,95.0,93,83.0,78.0
6.6,80.0,65,42.0,57.9
4.5,96.0,92,61.0,73.5
3.0,71.0,49,89.0,44.0
8.7,87.0,73,84.0,79.4
8.5,84.0,46,62.0,61.3
2.0,53.0,93,78.0,59.8
8.3,95.0,73,91.0,76.6
1.0,86.0,95,65.0,57.4
7.6,76.0,78,69.0,67.0
2.1,93.0,61,58.0,51.0
0.7,63.0,36,78.0,35.3
8.7,97.0,88,40.0,80.8
6.2,91.0,87,44.0,66.7
5.7,52.0,91,96.0,68.1
4.9,98.0,61,76.0,62.5
2.6,79.0,58,96.0,55.8
6.9,55.0,42,100.0,55.3
1.7,88.0,88,51.0,54.4
9.7,91.0,56,58.0,67.1
7.9,53.0,53,53.0,57.7
4.1,100.0,86,92.0,72.7
9.5,86.0,68,85.0,73.3
3.8,58.0,59,61.0,48.4
1.8,69.0,46,48.0,39.4
1.0,100.0,83,95.0,65.7
5.8,68.0,96,89.0,77.2
6.0,98.0,36,56.0,50.4
1.9,50.0,76,55.0,52.3
9.7,73.0,77,91.0,73.5
4.5,83.0,92,74.0,67.6
7.4,58.0,56,47.0,53.9
9.1,55.0,76,75.0,70.0
6.1,86.0,51,74.0,62.4
2.0,83.0,98,52.0,64.3
2.0,69.0,81,91.0,56.4
9.2,86.0,85,59.0,76.1
7.7,84.0,99,40.0,75.8
0.9,83.0,97,59.0,56.9
1.9,60.0,35,45.0,36.0
9.5,54.0,85,57.0,73.2
7.1,53.0,69,65.0,60.5
7.5,99.0,47,62.0,59.4
2.9,60.0,41,54.0,43.4
9.1,71.0,72,87.0,74.3
0.6,73.0,99,100.0,61.4
2.6,84.0,36,67.0,38.5
4.7,88.0,54,54.0,50.7
6.8,,99,85.0,72.7
4.0,96.0,48,76.0,53.7
5.1,58.0,38,79.0,43.8
1.6,85.0,54,75.0,49.9
7.2,86.0,92,93.0,74.0
2.4,80.0,78,72.0,53.7
9.7,90.0,82,98.0,82.0
2.5,88.0,91,45.0,57.9
8.0,71.0,93,59.0,76.8
3.4,61.0,73,75.0,58.2
2.0,58.0,79,78.0,48.8
1.2,69.0,95,86.0,58.8
7.2,79.0,96,50.0,77.8
3.4,90.0,78,95.0,62.5
2.1,74.0,81,70.0,52.1
8.6,64.0,40,93.0,57.3
8.2,67.0,37,81.0,55.7
4.5,53.0,38,86.0,41.3
4.5,72.0,96,54.0,65.4
4.4,94.0,52,48.0,51.9
2.6,100.0,64,43.0,53.8
9.3,90.0,42,98.0,64.7
1.5,95.0,49,88.0,48.6
9.2,66.0,97,95.0,81.3
8.8,90.0,43,73.0,62.3
2.6,71.0,69,68.0,55.4
6.6,100.0,76,79.0,71.7
8.0,55.0,80,55.0,70.5
4.6,60.0,73,69.0,59.8
0.9,62.0,53,78.0,42.2
6.5,77.0,73,93.0,68.3
3.5,59.0,92,72.0,61.1
3.5,92.0,41,85.0,55.1
4.3,81.0,53,86.0,57.5
9.5,67.0,63,79.0,67.2
4.3,51.0,70,60.0,56.5
8.7,100.0,79,51.0,76.3
4.8,65.0,100,46.0,69.6
2.7,71.0,66,80.0,57.0
9.9,77.0,74,46.0,76.5
9.4,51.0,82,52.0,72.6
2.7,52.0,76,98.0,51.0
1.8,56.0,38,71.0,39.0
5.6,81.0,41,91.0,56.4
7.1,67.0,54,49.0,60.7
9.5,75.0,74,44.0,67.1
4.0,55.0,51,60.0,43.5
5.1,83.0,44,77.0,49.8
9.8,72.0,37,62.0,62.9
6.3,66.0,43,79.0,56.2
5.2,98.0,75,62.0,65.9
4.6,64.0,57,72.0,54.3
2.8,100.0,90,47.0,65.4
6.9,84.0,81,97.0,78.9
0.6,99.0,35,69.0,39.4
2.0,70.0,84,72.0,59.3
4.7,54.0,74,52.0,56.9
9.2,82.0,40,87.0,67.6
9.2,98.0,88,86.0,80.5
1.9,82.0,99,75.0,59.7
8.1,75.0,49,64.0,65.4
9.7,80.0,80,45.0,75.2
9.3,52.0,79,80.0,68.0
4.3,85.0,55,64.0,54.1
9.5,95.0,97,50.0,86.9
1.6,92.0,72,68.0,50.9
4.5,51.0,94,73.0,60.7
9.6,64.0,41,89.0,62.4
7.7,87.0,82,46.0,72.9
5.7,76.0,94,97.0,70.0
0.8,77.0,83,73.0,54.1
8.7,71.0,97,97.0,78.7
0.9,92.0,81,92.0,57.5
7.6,82.0,41,98.0,63.4
1.9,96.0,39,48.0,40.5
3.6,100.0,62,55.0,59.1
2.8,93.0,60,46.0,49.9
6.1,60.0,88,46.0,62.9
0.6,56.0,53,56.0,38.7
8.3,71.0,76,41.0,69.1
9.9,82.0,39,82.0,66.6
5.9,81.0,86,80.0,70.4
3.4,56.0,85,53.0,50.8
2.9,64.0,42,41.0,34.6
2.0,69.0,63,41.0,44.9
4.7,86.0,87,60.0,71.2
5.4,81.0,59,62.0,53.8
1.9,,92,89.0,57.1
1.7,52.0,51,54.0,42.4
7.6,78.0,48,51.0,56.8
7.5,66.0,48,99.0,61.7
5.3,50.0,78,44.0,55.5
8.1,61.0,62,77.0,60.9
3.1,90.0,39,77.0,48.3
3.6,80.0,85,79.0,61.9
8.6,69.0,73,49.0,63.1
7.1,59.0,67,74.0,63.3
2.8,79.0,65,69.0,48.9
1.2,57.0,39,84.0,33.9
8.2,66.0,50,78.0,64.3
4.1,51.0,68,69.0,57.0
5.9,97.0,50,93.0,58.7
1.7,70.0,83,82.0,58.0
5.1,85.0,62,58.0,53.9
3.2,62.0,43,73.0,40.0
5.8,56.0,74,40.0,61.5
7.2,60.0,75,80.0,63.0
3.4,78.0,39,,44.5
8.0,74.0,93,46.0,71.7
2.5,51.0,60,46.0,40.3
4.2,70.0,95,48.0,67.8
9.8,88.0,69,90.0,73.8
2.5,78.0,68,56.0,52.7
5.5,50.0,64,55.0,54.5
9.7,89.0,71,45.0,70.3
1.2,74.0,37,54.0,32.8
2.7,54.0,40,62.0,38.6
7.0,52.0,45,41.0,54.6
3.3,100.0,47,50.0,47.9
3.2,53.0,70,68.0,49.1
3.4,85.0,83,89.0,65.9
3.1,66.0,43,69.0,39.0
1.5,53.0,93,91.0,56.9
9.5,98.0,63,81.0,75.8
2.4,62.0,39,68.0,40.0
4.7,86.0,89,93.0,66.5
2.1,55.0,69,58.0,44.8
3.7,87.0,89,68.0,63.1
5.4,92.0,87,84.0,76.5
5.9,56.0,96,89.0,72.7
3.9,50.0,42,59.0,42.9
4.2,75.0,79,53.0,61.5
6.3,91.0,93,55.0,69.2
8.8,98.0,89,84.0,87.6
7.4,62.0,79,94.0,71.1
2.8,89.0,54,95.0,54.0
6.8,66.0,45,99.0,63.1
1.7,98.0,96,98.0,68.8
0.6,73.0,47,70.0,43.4
1.7,95.0,50,64.0,43.4
6.1,89.0,59,99.0,69.4
4.3,87.0,92,40.0,60.7
6.6,73.0,97,40.0,73.8
2.9,58.0,95,84.0,65.3
4.3,97.0,54,63.0,54.2
1.0,51.0,57,,44.5
7.9,100.0,49,82.0,69.8
4.5,76.0,44,94.0,53.8
2.9,99.0,100,45.0,62.7
0.9,97.0,100,48.0,62.3
6.8,74.0,41,88.0,59.1
8.3,75.0,96,48.0,73.1
3.0,66.0,50,71.0,48.1
6.5,90.0,87,94.0,80.1
4.5,88.0,52,48.0,57.3
1.8,58.0,37,66.0,33.5
4.3,68.0,50,70.0,49.0
7.3,51.0,54,52.0,53.9
4.6,65.0,89,72.0,61.3
1.1,79.0,90,57.0,50.8
6.0,54.0,64,82.0,55.6
5.6,90.0,86,91.0,72.4
6.2,79.0,68,78.0,68.2
2.1,61.0,75,51.0,53.3
3.4,83.0,70,88.0,64.1
4.6,95.0,90,72.0,66.2
3.4,64.0,63,42.0,47.4
0.7,85.0,98,70.0,55.8
6.1,92.0,42,89.0,60.4
7.9,83.0,96,99.0,83.6
1.4,59.0,37,85.0,40.0
4.9,57.0,87,51.0,64.4
0.7,59.0,59,60.0,40.5
2.2,70.0,79,82.0,57.4
7.8,96.0,93,98.0,86.4
9.8,87.0,75,88.0,78.4
1.9,96.0,92,57.0,63.5
2.6,75.0,93,40.0,55.3
3.9,91.0,94,95.0,70.9
5.8,96.0,55,53.0,56.2
3.9,65.0,39,87.0,51.2
2.1,66.0,52,72.0,44.3
2.1,57.0,40,96.0,41.4
1.3,90.0,91,54.0,60.3
3.3,72.0,54,51.0,42.2
4.8,51.0,72,48.0,54.0
4.7,95.0,55,71.0,59.2
6.5,70.0,43,50.0,53.1
1.4,95.0,37,41.0,43.5
1.6,69.0,67,85.0,46.8
7.1,50.0,61,66.0,53.3
3.6,59.0,64,40.0,50.0
1.9,90.0,70,52.0,57.2
1.6,77.0,53,94.0,52.7
8.8,95.0,85,54.0,74.2
6.3,85.0,95,,78.3
0.5,73.0,70,98.0,48.3
4.6,66.0,94,40.0,57.8
7.5,85.0,38,46.0,53.4
3.3,87.0,87,93.0,68.4
3.3,57.0,80,40.0,50.5
8.2,89.0,88,46.0,77.6
8.4,95.0,77,63.0,71.7
6.8,85.0,41,60.0,55.9
6.7,90.0,73,55.0,65.6
7.1,95.0,74,71.0,76.4
8.8,62.0,81,42.0,71.9
7.9,70.0,75,72.0,71.5
7.2,85.0,57,65.0,58.6
5.5,51.0,65,41.0,49.8
5.6,82.0,35,85.0,55.5
4.6,69.0,51,51.0,50.4
7.2,94.0,72,82.0,74.4
3.6,100.0,80,76.0,64.3
6.3,55.0,48,83.0,51.2
5.7,51.0,74,88.0,59.9
8.8,70.0,48,,64.4
9.0,72.0,94,98.0,87.3
3.8,60.0,58,47.0,50.1
6.2,74.0,42,40.0,54.3
7.0,54.0,51,82.0,57.1
6.4,64.0,35,83.0,56.5
1.5,57.0,66,86.0,51.3
6.0,88.0,51,69.0,54.8
4.2,53.0,63,53.0,49.9
5.4,72.0,53,72.0,53.9
8.7,82.0,85,72.0,79.0
7.9,86.0,94,65.0,80.3
5.9,91.0,35,70.0,50.9
9.8,100.0,73,90.0,79.6
6.8,69.0,70,47.0,65.1
9.1,60.0,89,48.0,72.0
6.7,69.0,92,93.0,73.1
0.8,96.0,68,55.0,48.3
9.2,83.0,77,80.0,78.6
4.9,88.0,89,63.0,68.3
2.6,93.0,98,61.0,64.8
4.1,83.0,74,92.0,60.5
8.5,94.0,61,43.0,72.2
7.0,79.0,94,64.0,70.3
2.3,92.0,38,81.0,47.3
4.2,60.0,54,52.0,44.7
0.6,62.0,87,77.0,53.4
3.7,99.0,40,86.0,49.4
1.8,93.0,85,60.0,55.7
6.9,71.0,50,58.0,57.8
1.0,58.0,51,55.0,35.4
8.0,71.0,39,77.0,55.5
7.1,52.0,54,42.0,48.6
2.3,69.0,68,99.0,58.9
5.0,75.0,49,89.0,51.9
6.8,55.0,53,70.0,57.7
4.5,51.0,91,87.0,63.1
1.9,84.0,65,81.0,55.0
3.2,85.0,80,55.0,60.6
3.6,71.0,77,43.0,51.2
4.6,81.0,98,71.0,73.0
9.3,63.0,64,81.0,65.9
6.0,88.0,42,56.0,55.8
2.2,97.0,66,65.0,55.2
8.4,77.0,37,51.0,60.9
4.7,71.0,37,65.0,42.7
6.6,79.0,38,98.0,60.0
2.1,53.0,61,77.0,49.5
4.8,88.0,95,97.0,70.8
1.2,91.0,59,83.0,47.7
7.5,54.0,55,76.0,63.3
1.6,71.0,63,41.0,44.0
0.9,53.0,51,96.0,37.9
7.6,61.0,93,89.0,71.0
5.2,84.0,91,90.0,69.0
4.3,59.0,55,84.0,53.6
0.7,55.0,56,66.0,44.1
3.0,95.0,88,63.0,63.9
3.1,76.0,36,94.0,46.9
6.6,66.0,91,49.0,70.0
3.8,73.0,94,53.0,62.6
5.2,84.0,68,40.0,57.7
3.1,70.0,96,69.0,62.7
1.3,89.0,100,72.0,64.4
3.4,75.0,42,90.0,49.5
9.0,93.0,44,85.0,69.0
0.8,71.0,60,95.0,47.3
0.8,74.0,85,74.0,54.3
8.5,91.0,86,64.0,76.0
8.5,90.0,43,49.0,60.6
8.9,98.0,68,48.0,72.7
6.9,67.0,45,93.0,57.3
1.3,89.0,68,75.0,47.7
1.6,50.0,100,89.0,61.4
1.5,60.0,40,70.0,37.1
5.0,68.0,42,58.0,45.2
4.0,78.0,83,68.0,64.4
1.3,53.0,76,44.0,41.0
0.5,93.0,95,43.0,59.7
0.8,61.0,36,63.0,28.9
5.0,93.0,64,85.0,65.2
9.9,61.0,95,63.0,83.6
6.7,93.0,77,80.0,69.4
8.7,78.0,74,56.0,74.3
6.8,93.0,68,82.0,70.9
3.2,72.0,62,68.0,49.7
8.6,55.0,59,55.0,60.8
2.7,78.0,89,90.0,66.1
7.0,78.0,83,74.0,67.7
9.2,83.0,75,61.0,74.2
3.4,92.0,40,91.0,49.6
5.4,55.0,70,57.0,57.2
9.6,71.0,99,65.0,78.8
4.7,66.0,77,41.0,57.6
2.2,73.0,66,60.0,46.1
1.4,57.0,46,84.0,45.0
8.1,54.0,67,66.0,65.5
6.8,96.0,76,78.0,69.5
8.4,76.0,50,72.0,65.0
7.4,62.0,70,84.0,70.8
0.9,59.0,53,82.0,45.1
9.7,81.0,52,40.0,63.1
2.1,86.0,96,98.0,69.6
1.8,54.0,71,70.0,52.7
3.2,69.0,84,40.0,53.5
9.6,80.0,67,83.0,74.4
3.0,55.0,93,51.0,57.0
3.8,59.0,58,67.0,49.1
9.2,83.0,93,77.0,87.4
3.6,67.0,77,72.0,55.3
1.2,67.0,35,47.0,37.5
9.4,94.0,62,66.0,77.8
9.6,77.0,58,84.0,70.7
7.1,63.0,67,64.0,66.3
2.0,67.0,71,90.0,51.3
8.0,72.0,87,47.0,75.7
5.8,75.0,52,85.0,54.5
1.1,79.0,38,82.0,39.6
8.7,64.0,48,64.0,55.7
9.3,65.0,66,43.0,63.1
8.2,91.0,97,44.0,78.9
3.3,72.0,88,52.0,62.9
6.4,63.0,36,71.0,50.8
5.6,53.0,85,66.0,58.7
6.4,82.0,77,72.0,67.3
7.2,68.0,45,73.0,61.2
7.0,61.0,78,48.0,59.4
7.2,74.0,90,77.0,69.6
6.3,74.0,74,51.0,63.3
8.5,68.0,92,96.0,75.1
6.9,93.0,56,92.0,67.9
1.4,96.0,56,53.0,49.6
4.6,74.0,90,58.0,60.9
5.1,74.0,52,67.0,58.3
2.3,59.0,94,87.0,59.2
0.6,80.0,92,75.0,54.5
9.6,50.0,87,51.0,74.1
6.6,72.0,82,70.0,66.0
9.6,58.0,92,71.0,79.5
3.6,71.0,80,85.0,61.9
7.9,64.0,51,50.0,58.0
9.3,51.0,74,85.0,68.0
9.7,71.0,78,61.0,72.5
8.0,93.0,63,77.0,73.4
6.7,68.0,48,46.0,52.5
9.6,73.0,88,80.0,83.3
4.9,83.0,85,93.0,72.4
0.6,67.0,100,82.0,62.9
5.2,64.0,61,51.0,55.7
7.1,68.0,77,62.0,66.9
0.6,77.0,55,55.0,43.2
8.5,93.0,70,50.0,70.3
6.5,88.0,76,53.0,62.6
2.6,65.0,100,41.0,60.8
5.2,98.0,83,49.0,67.6
6.4,70.0,44,42.0,51.4
8.3,63.0,93,57.0,77.3
0.7,90.0,92,71.0,55.5
3.5,74.0,81,78.0,60.1
9.2,92.0,72,62.0,79.6
5.9,73.0,38,97.0,53.0
6.5,58.0,45,68.0,48.7
9.6,68.0,44,75.0,60.8
3.5,97.0,81,49.0,64.6
6.9,83.0,99,50.0,77.7
1.4,54.0,58,45.0,37.3
7.3,70.0,54,43.0,60.1
1.8,90.0,84,88.0,62.4
5.4,99.0,53,59.0,63.1
7.0,65.0,57,86.0,65.9
3.2,68.0,36,87.0,46.3
4.6,68.0,37,76.0,44.7
8.3,52.0,81,85.0,74.5
3.5,86.0,42,85.0,45.4
9.2,55.0,52,91.0,68.9
3.4,50.0,46,75.0,47.6
1.6,69.0,64,56.0,49.0
2.4,88.0,90,84.0,60.9
1.3,81.0,65,58.0,51.1
0.7,60.0,46,96.0,42.3
2.6,55.0,72,77.0,55.2
5.5,88.0,41,75.0,55.0
4.1,76.0,73,91.0,60.2
1.5,86.0,39,72.0,38.5
4.2,85.0,61,46.0,53.4
8.9,90.0,86,71.0,75.3
8.9,54.0,96,45.0,68.8
9.1,55.0,49,96.0,64.1
3.6,51.0,49,55.0,45.2
8.9,65.0,69,100.0,75.8
9.6,54.0,67,97.0,71.9
8.4,81.0,93,62.0,80.6
6.7,59.0,63,44.0,60.0
4.2,62.0,98,81.0,67.0
8.6,97.0,42,60.0,66.1
8.5,51.0,59,88.0,67.8
2.5,77.0,86,95.0,62.0
3.2,88.0,85,65.0,64.2
9.9,65.0,62,84.0,70.8
7.0,83.0,36,90.0,53.2
3.1,53.0,88,52.0,52.8
0.8,98.0,86,61.0,61.2
8.9,84.0,59,79.0,73.9
6.2,50.0,98,51.0,63.2
5.6,94.0,53,83.0,59.8
3.9,57.0,62,79.0,55.1
7.9,63.0,74,73.0,71.7
5.2,85.0,61,75.0,62.3
8.5,62.0,53,100.0,62.9
2.7,66.0,91,63.0,59.0
3.1,77.0,96,100.0,70.3
7.8,58.0,39,65.0,51.0
2.1,78.0,96,65.0,56.7
0.5,56.0,49,87.0,41.8
4.7,84.0,49,85.0,53.7
1.2,76.0,83,47.0,47.7
2.4,74.0,44,45.0,41.0
0.7,71.0,78,61.0,51.5
9.1,61.0,85,72.0,79.5
9.3,99.0,64,71.0,74.3
2.4,93.0,69,80.0,59.1
5.9,93.0,87,,73.7
8.6,55.0,87,81.0,78.9
9.6,83.0,83,91.0,82.7
7.1,91.0,91,87.0,82.3
2.7,73.0,42,100.0,48.2
0.7,100.0,59,56.0,42.6
4.4,73.0,39,74.0,44.1
8.0,98.0,37,55.0,57.3
3.1,97.0,95,92.0,70.1
8.2,86.0,77,85.0,77.2
3.4,61.0,80,56.0,53.1
3.6,58.0,45,87.0,49.2
9.7,77.0,51,70.0,65.7
1.6,97.0,43,81.0,51.6
6.0,100.0,71,84.0,72.2
6.9,76.0,62,75.0,61.0
7.5,88.0,97,85.0,76.9
1.0,78.0,36,69.0,38.3
7.3,68.0,78,68.0,67.2
0.9,67.0,73,75.0,46.9
2.2,95.0,66,60.0,55.7
8.9,84.0,60,80.0,67.8
5.0,72.0,86,82.0,66.8
2.5,58.0,88,96.0,58.0
7.3,56.0,45,61.0,53.8
9.9,83.0,94,42.0,82.4
1.2,96.0,35,71.0,43.7
1.6,69.0,86,56.0,51.3
1.5,87.0,99,55.0,56.7
3.4,96.0,73,95.0,67.9
7.8,83.0,78,85.0,71.1
5.1,68.0,98,69.0,64.1
1.6,59.0,78,55.0,45.7
7.6,96.0,38,75.0,65.5
5.9,87.0,42,79.0,55.5
1.9,77.0,81,98.0,61.5
8.4,91.0,81,69.0,72.2
6.9,58.0,48,89.0,59.4
9.9,80.0,36,93.0,68.5
4.7,65.0,97,73.0,70.3
7.5,95.0,90,88.0,83.2
5.2,100.0,39,76.0,60.0
5.3,88.0,54,83.0,61.5
5.6,76.0,57,79.0,57.9
3.2,67.0,78,65.0,54.3
3.9,67.0,46,89.0,50.7
10.0,67.0,98,,83.5
0.9,69.0,77,88.0,48.8
9.8,75.0,63,43.0,65.3
9.5,66.0,79,50.0,76.7
2.8,89.0,39,69.0,48.3
0.9,74.0,64,61.0,41.4
1.9,79.0,86,87.0,59.9
5.8,80.0,38,43.0,51.3
2.5,96.0,87,78.0,68.4
2.7,66.0,51,49.0,43.5
7.8,99.0,64,69.0,66.7
2.6,93.0,57,51.0,48.5
2.7,64.0,95,92.0,66.0
0.6,94.0,74,49.0,51.9
2.4,78.0,36,57.0,37.2
7.0,90.0,100,53.0,77.5
9.7,58.0,81,81.0,75.5
3.1,64.0,91,46.0,58.5
4.0,93.0,49,70.0,58.0
0.7,91.0,84,58.0,53.4
7.4,94.0,53,46.0,60.4
2.6,89.0,55,67.0,48.5
6.5,78.0,60,81.0,67.7
5.5,89.0,61,56.0,61.7
2.5,86.0,39,54.0,43.6
9.2,93.0,62,83.0,71.3
2.1,88.0,100,63.0,66.9
3.8,73.0,45,83.0,51.3
4.3,77.0,86,80.0,67.3
2.6,69.0,98,66.0,61.6
6.0,84.0,89,55.0,66.1
1.3,96.0,35,54.0,39.9
5.0,60.0,54,46.0,47.5
9.1,78.0,72,53.0,71.8
6.2,89.0,78,,73.4
3.8,100.0,71,66.0,60.0
2.4,80.0,42,72.0,44.4
8.6,51.0,53,87.0,65.3
6.9,64.0,56,62.0,60.2
7.3,61.0,56,100.0,65.3
3.0,63.0,43,,44.5
1.7,88.0,36,59.0,40.8
7.4,97.0,91,53.0,81.2
3.4,98.0,92,89.0,72.7
2.4,80.0,100,62.0,64.7
5.1,77.0,42,90.0,56.8
5.2,76.0,72,98.0,69.6
6.6,85.0,48,40.0,53.2
7.3,76.0,90,76.0,78.1
2.5,64.0,91,89.0,61.5
9.0,95.0,76,48.0,74.7
4.2,72.0,46,75.0,46.7
7.5,78.0,46,77.0,60.7
9.8,67.0,66,92.0,71.3
5.3,89.0,62,72.0,56.6
1.9,52.0,100,95.0,61.8
3.2,88.0,56,56.0,55.4
3.9,83.0,86,78.0,63.6
1.5,72.0,84,42.0,54.8
5.5,52.0,61,61.0,57.1
4.6,69.0,42,53.0,46.1
4.6,87.0,50,82.0,58.3
2.2,71.0,40,88.0,40.9
7.1,72.0,87,85.0,73.5
5.8,90.0,40,42.0,54.4
6.2,63.0,62,63.0,54.3
6.8,50.0,47,92.0,52.8
7.8,51.0,56,77.0,58.2
5.4,56.0,38,44.0,40.6
4.9,84.0,46,98.0,55.4
6.7,55.0,72,78.0,63.9
4.3,100.0,82,42.0,67.6
6.9,97.0,63,93.0,74.3
5.3,100.0,98,44.0,72.3
6.3,59.0,61,85.0,56.4
5.8,95.0,81,41.0,66.5
4.5,59.0,63,53.0,54.8
6.0,60.0,52,42.0,51.5
3.0,92.0,41,100.0,56.2
1.2,80.0,98,63.0,59.8
4.8,84.0,35,64.0,47.5
9.5,61.0,88,90.0,83.9
2.7,53.0,84,77.0,60.7
3.5,93.0,46,50.0,44.7
6.6,84.0,45,97.0,57.2
7.2,99.0,64,95.0,73.6
2.4,61.0,76,62.0,52.6
6.0,58.0,42,67.0,52.9
8.3,71.0,90,75.0,78.1
8.5,56.0,37,96.0,59.2
7.7,85.0,41,58.0,56.8
1.8,53.0,62,90.0,46.3
3.1,56.0,36,56.0,35.6
0.9,84.0,44,84.0,44.2
8.1,85.0,65,57.0,66.8
8.8,51.0,86,40.0,69.6
8.4,82.0,39,66.0,63.1
3.7,77.0,63,83.0,57.4
5.9,52.0,97,56.0,63.0
1.9,89.0,37,58.0,42.5
6.7,77.0,57,60.0,63.2
3.2,75.0,84,78.0,57.1
0.9,75.0,71,71.0,45.8
5.0,68.0,83,96.0,67.0
9.7,93.0,84,48.0,80.1
1.6,74.0,84,48.0,55.6
7.8,69.0,51,57.0,62.0
9.2,100.0,87,70.0,84.1
2.0,81.0,97,92.0,67.0
4.0,81.0,51,53.0,45.9
3.1,62.0,78,49.0,51.4
0.5,70.0,74,78.0,48.2
3.9,53.0,78,89.0,54.9
9.0,71.0,60,89.0,65.5
4.0,76.0,37,61.0,46.3
6.8,,54,48.0,57.7
1.3,59.0,69,98.0,47.8
8.0,67.0,44,57.0,60.3
8.0,82.0,63,56.0,67.9
8.5,79.0,96,77.0,83.5
0.9,59.0,47,99.0,37.6
1.4,81.0,45,72.0,39.0
7.0,74.0,54,95.0,61.3
4.9,99.0,90,91.0,71.1
4.8,68.0,79,95.0,61.0
5.3,84.0,53,52.0,57.2
1.9,69.0,72,87.0,50.2
1.6,79.0,58,75.0,43.3
3.7,64.0,58,72.0,55.4
4.7,80.0,90,64.0,70.9
5.6,81.0,73,60.0,65.1
7.4,58.0,42,80.0,55.2
8.3,95.0,84,75.0,77.3
7.6,58.0,85,48.0,63.2
3.3,55.0,67,90.0,57.9
1.7,74.0,45,57.0,44.9
8.7,74.0,74,62.0,73.1
2.5,88.0,96,46.0,65.1
2.7,65.0,70,90.0,55.4
8.5,79.0,38,45.0,52.0
6.5,64.0,72,59.0,63.0
5.7,72.0,87,80.0,64.7
8.5,80.0,100,65.0,76.5
8.9,57.0,81,76.0,73.6
4.8,64.0,100,48.0,65.6
9.5,63.0,62,47.0,61.9
3.6,85.0,40,99.0,55.1
7.0,69.0,62,91.0,63.6
7.4,81.0,67,40.0,63.1
8.7,98.0,80,65.0,72.9
9.6,58.0,55,94.0,72.8
9.7,100.0,51,47.0,69.5
5.3,84.0,56,70.0,58.5
4.6,95.0,62,78.0,58.1
7.4,73.0,90,76.0,71.1
4.3,75.0,39,96.0,48.4
2.2,66.0,68,53.0,53.2
6.0,85.0,46,47.0,58.5
8.1,72.0,47,49.0,62.6
4.2,65.0,94,75.0,67.2
3.4,95.0,63,90.0,58.2
1.3,76.0,78,77.0,52.4
5.7,90.0,82,76.0,74.3
5.2,98.0,60,98.0,61.0
9.1,75.0,78,76.0,75.4
5.4,80.0,97,63.0,71.7
1.2,99.0,74,45.0,52.3
3.8,99.0,38,75.0,52.3
8.0,58.0,59,52.0,60.8
8.6,57.0,81,95.0,69.4
6.3,71.0,74,73.0,69.8
2.4,66.0,98,79.0,58.9
6.2,55.0,35,95.0,53.2
9.4,99.0,67,92.0,78.2
6.5,92.0,46,61.0,63.0
9.3,74.0,93,79.0,85.8
4.2,61.0,39,77.0,47.4
7.7,79.0,58,67.0,62.2
5.3,74.0,91,50.0,70.0
5.0,92.0,81,63.0,70.6
7.8,81.0,94,40.0,70.3
6.4,79.0,98,53.0,74.1
4.4,87.0,89,72.0,66.2
8.7,93.0,88,88.0,78.1
6.9,80.0,60,100.0,65.2
8.7,87.0,72,93.0,73.5
8.6,67.0,69,96.0,71.8
5.2,81.0,89,96.0,74.8
8.2,66.0,77,73.0,70.0
3.0,87.0,68,68.0,58.5
8.2,65.0,70,94.0,69.9
0.8,90.0,51,56.0,38.2
2.1,91.0,35,75.0,45.8
6.3,70.0,64,81.0,63.6
4.7,72.0,70,75.0,63.3
5.5,73.0,64,74.0,57.0
4.3,62.0,58,86.0,54.9
3.4,97.0,40,84.0,55.2
2.6,,42,91.0,48.0
8.9,63.0,57,91.0,72.0
1.5,97.0,53,66.0,46.7
6.5,77.0,61,52.0,63.6
